バージョン,タイトル,ジャンル,アーティスト,プレー回数,NORMAL 難易度,NORMAL EXスコア,NORMAL PGreat,NORMAL Great,NORMAL ミスカウント,NORMAL クリアタイプ,NORMAL DJ LEVEL,HYPER 難易度,HYPER EXスコア,HYPER PGreat,HYPER Great,HYPER ミスカウント,HYPER クリアタイプ,HYPER DJ LEVEL,ANOTHER 難易度,ANOTHER EXスコア,ANOTHER PGreat,ANOTHER Great,ANOTHER ミスカウント,ANOTHER クリアタイプ,ANOTHER DJ LEVEL,最終プレー日時
1st&substream,5.1.1.,PIANO AMBIENT,dj nagureo,0,1,0,0,0,---,FULLCOMBO CLEAR,---,6,0,0,0,---,NO PLAY,---,10,0,0,0,---,NO PLAY,---,2017-12-29 17:46
3rd style,Holic,HARD TECHNO,TaQ,2,5,0,0,0,---,NO PLAY,---,7,0,0,0,---,NO PLAY,---,11,1574,697,180,0,FULLCOMBO CLEAR,AAA,2018-01-25 22:22
3rd style,R5,RAVE,tigerYAMATO with ultrabeatbox,8,5,0,0,0,---,NO PLAY,---,8,0,0,0,---,NO PLAY,---,11,1681,806,69,3,EX HARD CLEAR,AAA,2018-05-26 23:01
3rd style,THE SAFARI,WORLD HOUSE,Lion Musashi,8,7,0,0,0,---,NO PLAY,---,10,1635,746,143,1,EX HARD CLEAR,AAA,0,0,0,0,---,NO PLAY,---,2018-05-08 19:13
4th style,DXY!,TECHNO,TaQ,13,6,0,0,0,---,NO PLAY,---,9,0,0,0,---,NO PLAY,---,10,1977,854,269,17,HARD CLEAR,AA,2018-07-18 21:23
4th style,KAMIKAZE,TECHNO,dj nagureo,1,5,0,0,0,---,NO PLAY,---,6,0,0,0,---,NO PLAY,---,10,2106,958,190,5,NO PLAY,AAA,2017-12-29 18:26
4th style,starmine,HAPPY HARDCORE,Ryu☆,0,5,0,0,0,---,NO PLAY,---,8,0,0,0,---,NO PLAY,---,9,0,0,0,---,EX HARD CLEAR,---,2017-12-29 17:46
4th style,SWEET LAB,LOUNGE HOUSE,DJ SIMON,0,3,0,0,0,---,NO PLAY,---,6,0,0,0,---,NO PLAY,---,10,0,0,0,---,EX HARD CLEAR,---,2017-12-29 17:46
5th style,V,PROGRESSIVE,TAKA,2,5,0,0,0,---,NO PLAY,---,10,0,0,0,---,NO PLAY,---,12,2633,1169,295,10,EX HARD CLEAR,AA,2018-02-08 20:57
6th style,Colors (radio edit),TRANCE,dj TAKA,1,6,0,0,0,---,NO PLAY,---,9,0,0,0,---,NO PLAY,---,12,2153,954,245,11,EX HARD CLEAR,AA,2018-04-25 20:56
7th style,Spica,HOUSE,D.JW,8,4,0,0,0,---,NO PLAY,---,9,0,0,0,---,NO PLAY,---,11,1998,886,226,6,EX HARD CLEAR,AA,2018-08-07 19:47
7th style,stoic,TECHNO,TaQ,10,8,0,0,0,---,NO PLAY,---,10,0,0,0,---,NO PLAY,---,11,2362,1063,236,2,FULLCOMBO CLEAR,AAA,2018-04-26 21:59
7th style,革命,ORCHESTRAL,dj TAKA with NAOKI,1,6,0,0,0,---,NO PLAY,---,10,1592,658,276,14,NO PLAY,AA,10,0,0,0,---,NO PLAY,---,2017-12-29 18:24
8th style,PLEASE DON'T GO,DISCO,ASLETICS,4,5,0,0,0,---,NO PLAY,---,7,0,0,0,---,NO PLAY,---,12,2173,964,245,15,EX HARD CLEAR,AA,2018-03-23 21:52
8th style,rainbow flyer,TRANCE,dj TAKA,0,5,0,0,0,---,NO PLAY,---,9,0,0,0,---,NO PLAY,---,11,0,0,0,---,FULLCOMBO CLEAR,---,2017-12-29 17:46
8th style,xenon,ELECTROSHOCK,Mr.T,0,5,0,0,0,---,NO PLAY,---,9,0,0,0,---,NO PLAY,---,11,0,0,0,---,EX HARD CLEAR,---,2017-12-29 17:46
9th style,one or eight,HARDCORE RAVE,sampling masters AYA,3,7,0,0,0,---,NO PLAY,---,10,0,0,0,---,NO PLAY,---,12,2012,859,294,10,EX HARD CLEAR,AA,2018-07-18 21:32
9th style,quasar,TRANCE,OutPhase,0,6,0,0,0,---,NO PLAY,---,9,0,0,0,---,NO PLAY,---,11,0,0,0,---,FULLCOMBO CLEAR,---,2017-12-29 17:46
9th style,Quickening,PSYCHEDELIC,dj TAKA,0,5,0,0,0,---,NO PLAY,---,9,0,0,0,---,NO PLAY,---,10,0,0,0,---,NO PLAY,---,2017-12-29 17:46
10th style,Daisuke,EUROBEAT,Y&Co.,3,6,0,0,0,---,NO PLAY,---,8,0,0,0,---,NO PLAY,---,10,2293,1091,111,3,FULLCOMBO CLEAR,AAA,2018-01-14 15:43
10th style,GRADIUS -FULL SPEED-,GAME MUSIC,Mr.T,1,4,0,0,0,---,NO PLAY,---,8,0,0,0,---,NO PLAY,---,10,1680,729,222,49,FAILED,AA,2018-05-14 22:43
10th style,Innocent Walls,TECHNO,TaQ,3,8,0,0,0,---,NO PLAY,---,12,2169,921,327,8,EX HARD CLEAR,AA,12,2434,1025,384,11,EX HARD CLEAR,AA,2018-07-17 21:48
10th style,Love Is Eternity,TRANCE,kors k,2,6,0,0,0,---,NO PLAY,---,9,0,0,0,---,NO PLAY,---,11,2199,1003,193,6,EX HARD CLEAR,AAA,2018-02-28 21:50
10th style,One More Lovely,HAPPY,Risk Junk,1,5,0,0,0,---,NO PLAY,---,9,0,0,0,---,NO PLAY,---,12,2455,1105,245,---,HARD CLEAR,AA,2018-02-24 21:21
10th style,rainbow rainbow,HAPPY HARDCORE,Ryu☆,0,7,0,0,0,---,NO PLAY,---,10,0,0,0,---,NO PLAY,---,11,0,0,0,---,FULLCOMBO CLEAR,---,2017-12-29 17:46
10th style,SPACE FIGHT,戦艦テクノ,AKIRA YAMAOKA,9,3,0,0,0,---,NO PLAY,---,8,0,0,0,---,NO PLAY,---,11,2062,958,146,4,FULLCOMBO CLEAR,AAA,2018-04-25 21:39
10th style,雪月花,HARD HOUSE,Ryu☆,5,6,0,0,0,---,NO PLAY,---,10,0,0,0,---,NO PLAY,---,12,2237,1011,215,26,EX HARD CLEAR,AA,2018-08-14 21:02
IIDX RED,AA,RENAISSANCE,D.J.Amuro,2,5,0,0,0,---,NO PLAY,---,10,0,0,0,---,NO PLAY,---,12,3277,1481,315,10,FULLCOMBO CLEAR,AAA,2018-01-05 20:56
IIDX RED,ANDROMEDA,PSYCHEDELIC GOA TRANCE,Sota Fujimori,3,5,0,0,0,---,NO PLAY,---,8,0,0,0,---,NO PLAY,---,11,2694,1266,162,4,EX HARD CLEAR,AAA,2018-04-12 22:04
IIDX RED,Be quiet,HARD DANCE,Ryu☆,0,5,0,0,0,---,NO PLAY,---,9,0,0,0,---,NO PLAY,---,11,0,0,0,---,EX HARD CLEAR,---,2017-12-29 17:46
IIDX RED,FAKE TIME,HARD ROCK,dj REMO-CON,12,5,0,0,0,---,NO PLAY,---,11,0,0,0,---,NO PLAY,---,12,1973,940,93,---,FAILED,AA,2018-08-23 21:20
IIDX RED,GENOCIDE,DRUM'N'BASS,dj Killer,10,6,0,0,0,---,NO PLAY,---,10,0,0,0,---,NO PLAY,---,11,2215,1014,187,2,EX HARD CLEAR,AAA,2018-08-24 22:28
IIDX RED,gigadelic,NUSTYLE GABBA,teranoid feat.MC Natsack,3,9,0,0,0,---,NO PLAY,---,12,1954,862,230,7,EX HARD CLEAR,AA,12,2174,934,306,7,EX HARD CLEAR,AA,2018-02-23 22:33
IIDX RED,KEY,BEAT ROCK,colors,0,6,0,0,0,---,NO PLAY,---,8,0,0,0,---,NO PLAY,---,11,0,0,0,---,EASY CLEAR,---,2017-12-29 17:46
IIDX RED,NEBULA GRASPER,PSYCHEDELIC TRANCE,L.E.D.,1,6,0,0,0,---,NO PLAY,---,9,0,0,0,---,NO PLAY,---,10,2283,1058,167,1,ASSIST CLEAR,AAA,2018-05-14 22:45
IIDX RED,RED ZONE,SPEED RAVE,Tatsh&NAOKI,1,5,0,0,0,---,NO PLAY,---,9,0,0,0,---,NO PLAY,---,11,2149,975,199,1,FULLCOMBO CLEAR,AAA,2017-12-30 17:21
IIDX RED,RED ZONE†,SPEED RAVE,Tatsh&NAOKI,1,0,0,0,0,---,NO PLAY,---,0,0,0,0,---,NO PLAY,---,12,2882,1345,192,7,EX HARD CLEAR,AAA,2018-02-09 21:56
IIDX RED,ピアノ協奏曲第１番”蠍火”,DIRGE,virkato,19,5,0,0,0,---,NO PLAY,---,11,0,0,0,---,NO PLAY,---,12,2450,1076,298,21,HARD CLEAR,AA,2018-08-24 23:06
HAPPY SKY,Aurora,TRANCE CORE,Ryu☆,0,7,0,0,0,---,NO PLAY,---,10,0,0,0,---,EX HARD CLEAR,---,11,0,0,0,---,FULLCOMBO CLEAR,---,2017-12-29 17:46
HAPPY SKY,EDEN,HYPER J-POP SIX,ＴЁЯＲＡ,2,6,0,0,0,---,NO PLAY,---,9,0,0,0,---,NO PLAY,---,10,2605,1258,89,3,EX HARD CLEAR,AAA,2018-04-05 21:09
HAPPY SKY,rage against usual,DIGI-ROCK,dj TAKA feat.Gt.Shintaro,6,7,0,0,0,---,NO PLAY,---,10,0,0,0,---,NO PLAY,---,12,2737,1243,251,10,EX HARD CLEAR,AAA,2018-06-21 20:48
HAPPY SKY,SCREAM SQUAD,BREAKCORE,CALF,1,7,0,0,0,---,NO PLAY,---,10,0,0,0,---,NO PLAY,---,12,1719,718,283,9,EX HARD CLEAR,AA,2018-02-24 21:52
HAPPY SKY,Scripted Connection⇒ A mix,TECHNO,DJ MURASAME,5,7,0,0,0,---,NO PLAY,---,10,0,0,0,---,NO PLAY,---,12,2688,1176,336,10,EX HARD CLEAR,AA,2018-05-01 21:17
HAPPY SKY,SigSig,MAKINA,kors k,1,5,0,0,0,---,NO PLAY,---,7,0,0,0,---,NO PLAY,---,10,2453,1158,137,5,EX HARD CLEAR,AAA,2018-01-19 23:28
HAPPY SKY,Xepher,MEDIEVAL CHOIR,Tatsh,0,5,0,0,0,---,NO PLAY,---,10,0,0,0,---,NO PLAY,---,11,0,0,0,---,EX HARD CLEAR,---,2017-12-29 17:46
HAPPY SKY,冥,HUMAN SEQUENCER,Amuro vs Killer,100,5,0,0,0,---,NO PLAY,---,10,0,0,0,---,NO PLAY,---,12,3282,1431,420,12,EX HARD CLEAR,AA,2018-08-14 21:26
DistorteD,Bloody Tears(IIDX EDITION),HARD RENAISSANCE,DJ YOSHITAKA,2,5,0,0,0,---,NO PLAY,---,9,0,0,0,---,NO PLAY,---,10,2041,954,133,2,FULLCOMBO CLEAR,AAA,2018-03-13 21:14
DistorteD,Broadbanded,TRANCE,SADA,0,4,0,0,0,---,NO PLAY,---,8,0,0,0,---,NO PLAY,---,11,0,0,0,---,EX HARD CLEAR,---,2017-12-29 17:46
DistorteD,Concertino in Blue,PROGRESSIVE,佐々木博史,0,5,0,0,0,---,NO PLAY,---,10,0,0,0,---,NO PLAY,---,12,0,0,0,---,HARD CLEAR,---,2017-12-29 17:46
DistorteD,Ganymede,ESOTERIC SLOWCORE,玄武,14,6,0,0,0,---,NO PLAY,---,10,0,0,0,---,NO PLAY,---,11,2121,957,207,1,FULLCOMBO CLEAR,AA,2018-08-10 21:45
DistorteD,The Dirty of Loudness,SADISTIC HARDCORE,Tatsh Assault X,9,7,0,0,0,---,NO PLAY,---,10,0,0,0,---,NO PLAY,---,11,2478,1158,162,1,FULLCOMBO CLEAR,AAA,2018-02-15 21:39
DistorteD,waxing and wanding,DANCE SPEED,青龍,0,7,0,0,0,---,NO PLAY,---,10,0,0,0,---,NO PLAY,---,11,0,0,0,---,EX HARD CLEAR,---,2017-12-29 17:46
DistorteD,カゴノトリ～弐式～,和式電子音楽,橙色特別室,1,6,0,0,0,---,NO PLAY,---,9,0,0,0,---,NO PLAY,---,12,0,0,0,---,FULLCOMBO CLEAR,---,2018-05-08 19:43
DistorteD,嘆きの樹,CONTEMPORARY,金獅子,13,8,0,0,0,---,NO PLAY,---,11,0,0,0,---,NO PLAY,---,12,3507,1580,347,15,EX HARD CLEAR,AA,2018-08-20 20:49
DistorteD,華蝶風雪,ASIAN MIXTURE,白虎,1,6,0,0,0,---,NO PLAY,---,10,0,0,0,---,NO PLAY,---,11,2833,1343,147,1,FULLCOMBO CLEAR,AAA,2018-02-11 16:16
GOLD,Blind Justice ～Torn souls， Hurt Faiths ～,EPIC POETRY,Zektbach,1,6,0,0,0,---,NO PLAY,---,8,0,0,0,---,NO PLAY,---,11,2384,1145,94,0,FULLCOMBO CLEAR,AAA,2018-03-22 22:06
GOLD,Candy Galy,HAPPY,Risk Junk-G,0,7,0,0,0,---,NO PLAY,---,10,0,0,0,---,NO PLAY,---,12,0,0,0,---,EX HARD CLEAR,---,2017-12-29 17:46
GOLD,CaptivAte～誓い～,NOSTALISH REQUIEM,A/I,0,6,0,0,0,---,NO PLAY,---,9,0,0,0,---,NO PLAY,---,10,0,0,0,---,EX HARD CLEAR,---,2017-12-29 17:46
GOLD,CROSSROAD ～Left Story～,DRAMATIC EURO TRANCE,jun with TAHIRIH,3,5,0,0,0,---,NO PLAY,---,8,0,0,0,---,NO PLAY,---,10,2113,1020,73,0,FULLCOMBO CLEAR,AAA,2018-03-28 21:22
GOLD,Fascination MAXX,SuperNOVA BEAT,100-200-400,0,9,0,0,0,---,NO PLAY,---,11,0,0,0,---,NO PLAY,---,12,0,0,0,---,HARD CLEAR,---,2017-12-29 17:46
GOLD,FIRE FIRE,BUCHIAGE TRANCE,StripE,8,7,0,0,0,---,NO PLAY,---,10,0,0,0,---,NO PLAY,---,12,2511,1126,259,4,EX HARD CLEAR,AAA,2018-05-15 20:01
GOLD,GOLD RUSH,RECKLESS RAVE,DJ YOSHITAKA-G feat.Michael a la mode,1,7,0,0,0,---,NO PLAY,---,9,0,0,0,---,NO PLAY,---,11,2165,986,193,1,FULLCOMBO CLEAR,AAA,2017-12-30 17:54
GOLD,KAMAITACHI,FREEFORM HARDCORE,DJ TECHNORCH fw. GUHROOVY,0,6,0,0,0,---,NO PLAY,---,9,0,0,0,---,NO PLAY,---,11,0,0,0,---,EX HARD CLEAR,---,2017-12-29 17:46
GOLD,KAMAITACHI†,FREEFORM HARDCORE,DJ TECHNORCH fw. GUHROOVY,34,0,0,0,0,---,NO PLAY,---,0,0,0,0,---,NO PLAY,---,12,3434,1490,454,12,HARD CLEAR,AA,2018-08-24 22:50
GOLD,LASER CRUSTER,NU-SKOOL BREAKS,L.E.D.,0,7,0,0,0,---,NO PLAY,---,11,0,0,0,---,NO PLAY,---,12,0,0,0,---,EX HARD CLEAR,---,2017-12-29 17:46
GOLD,Make Me Your Own,HOUSE,good-cool ft. Raj Ramayya,0,5,0,0,0,---,NO PLAY,---,9,0,0,0,---,NO PLAY,---,10,0,0,0,---,NO PLAY,---,2017-12-29 17:46
GOLD,Second Heaven,HANDZ UP,Ryu☆,2,5,0,0,0,---,NO PLAY,---,8,0,0,0,---,NO PLAY,---,11,2009,948,113,2,FULLCOMBO CLEAR,AAA,2018-05-23 20:30
GOLD,Sense 2007,RAVE,good-cool,6,9,0,0,0,---,NO PLAY,---,11,0,0,0,---,NO PLAY,---,12,2603,1158,287,14,EX HARD CLEAR,AA,2018-07-09 21:03
GOLD,the shadow,SCHRANZ,kors k,1,6,0,0,0,---,NO PLAY,---,9,0,0,0,---,NO PLAY,---,11,2578,1158,262,14,EX HARD CLEAR,AA,2018-05-01 20:46
GOLD,VANESSA,DECEPTIVE GABBA,朱雀,0,8,0,0,0,---,NO PLAY,---,11,0,0,0,---,NO PLAY,---,12,0,0,0,---,EX HARD CLEAR,---,2017-12-29 17:46
GOLD,VANESSA†,DECEPTIVE GABBA,朱雀,1,0,0,0,0,---,NO PLAY,---,0,0,0,0,---,NO PLAY,---,12,2980,1295,390,48,HARD CLEAR,AA,2018-07-05 20:49
DJ TROOPERS,Anisakis -somatic mutation type"Forza"-,HARD RENAISSANCE,朱雀,6,6,0,0,0,---,NO PLAY,---,10,0,0,0,---,NO PLAY,---,11,2696,1264,168,4,EX HARD CLEAR,AAA,2018-08-13 21:04
DJ TROOPERS,Blue Rain,TRANCE,dj TAKA VS Ryu☆,1,6,0,0,0,---,NO PLAY,---,8,0,0,0,---,NO PLAY,---,11,2091,954,183,1,FULLCOMBO CLEAR,AAA,2018-01-05 22:49
DJ TROOPERS,Digitank System,TECH-BREAKBEATS,DJ Mass MAD Izm*,7,6,0,0,0,---,NO PLAY,---,9,0,0,0,---,NO PLAY,---,11,1844,814,216,11,HARD CLEAR,AA,2018-07-02 22:01
DJ TROOPERS,Do it!! Do it!!,N-BEATS,Kraken,3,8,0,0,0,---,NO PLAY,---,10,0,0,0,---,NO PLAY,---,11,1641,694,253,10,EX HARD CLEAR,AA,2018-02-09 22:16
DJ TROOPERS,four pieces of heaven,JUNGLE,Lion,2,5,0,0,0,---,NO PLAY,---,10,0,0,0,---,NO PLAY,---,11,1996,838,320,8,HARD CLEAR,AA,2018-04-24 20:52
DJ TROOPERS,ICARUS,NU-SKOOL BREAKBEATS HARDCORE,Eagle,14,7,0,0,0,---,NO PLAY,---,10,0,0,0,---,NO PLAY,---,12,2194,982,230,16,HARD CLEAR,AA,2018-08-16 20:28
DJ TROOPERS,ICARUS†,NU-SKOOL BREAKBEATS HARDCORE,Eagle,21,0,0,0,0,---,NO PLAY,---,0,0,0,0,---,NO PLAY,---,12,3210,1419,372,56,ASSIST CLEAR,AA,2018-08-24 22:48
DJ TROOPERS,in the Sky,HAPPY HARDCORE,Ryu☆,1,7,0,0,0,---,NO PLAY,---,9,0,0,0,---,NO PLAY,---,11,2415,1144,127,2,EX HARD CLEAR,AAA,2018-04-02 21:42
DJ TROOPERS,MENDES,IRREGULAR HI-BREAK,Humanoid,13,6,0,0,0,---,NO PLAY,---,11,0,0,0,---,NO PLAY,---,12,3200,1420,360,2,EX HARD CLEAR,AA,2018-08-21 21:48
DJ TROOPERS,PARANOiA ～HADES～,SUPERNOVA2 BEAT #1,αTYPE-300,2,7,0,0,0,---,NO PLAY,---,11,0,0,0,---,NO PLAY,---,12,2210,994,222,7,EX HARD CLEAR,AA,2018-07-18 20:28
DJ TROOPERS,Ristaccia,OUVERTURE,Zektbach,0,6,0,0,0,---,NO PLAY,---,9,0,0,0,---,NO PLAY,---,12,0,0,0,---,EX HARD CLEAR,---,2017-12-29 17:46
DJ TROOPERS,satfinal,RAVE,RAM,0,5,0,0,0,---,NO PLAY,---,7,0,0,0,---,NO PLAY,---,9,0,0,0,---,FAILED,---,2017-12-29 17:46
DJ TROOPERS,STEEL NEEDLE,BREAK CORE,Scorpion,10,6,0,0,0,---,NO PLAY,---,10,0,0,0,---,NO PLAY,---,11,2309,1067,175,9,EX HARD CLEAR,AAA,2018-08-24 23:01
DJ TROOPERS,switch,ULTIMATE J-POP,DAISUKE ASAKURA ex.ＴЁЯＲＡ,0,4,0,0,0,---,NO PLAY,---,9,0,0,0,---,NO PLAY,---,11,0,0,0,---,EX HARD CLEAR,---,2017-12-29 17:46
DJ TROOPERS,THE DEEP STRIKER,NU STYLE GABBA,L.E.D.-G,0,6,0,0,0,---,NO PLAY,---,10,0,0,0,---,NO PLAY,---,11,0,0,0,---,EX HARD CLEAR,---,2017-12-29 17:46
DJ TROOPERS,TROOPERS,ULTIMATE CORE,Des-TRACT,0,6,0,0,0,---,NO PLAY,---,10,0,0,0,---,NO PLAY,---,12,0,0,0,---,HARD CLEAR,---,2017-12-29 17:46
DJ TROOPERS,Ubertreffen,PROGRESSIVE BAROQUE,TAKA respect for J.S.B.,5,6,0,0,0,---,NO PLAY,---,10,0,0,0,---,NO PLAY,---,11,2329,1059,211,3,FULLCOMBO CLEAR,AAA,2018-03-20 22:36
DJ TROOPERS,華爛漫 -Flowers-,HYPER JAPANESQUE 2,ＴЁЯＲＡ,2,6,0,0,0,---,NO PLAY,---,8,0,0,0,---,NO PLAY,---,10,1952,928,96,0,FULLCOMBO CLEAR,AAA,2018-04-04 21:34
EMPRESS,3y3s,DANCE SPEED,青龍,24,7,0,0,0,---,NO PLAY,---,10,0,0,0,---,HARD CLEAR,---,12,3036,1282,472,19,EX HARD CLEAR,AA,2018-04-26 22:23
EMPRESS,Arabian Rave Night,ARABIC HARDCORE,dj MAX STEROID,3,6,0,0,0,---,NO PLAY,---,10,0,0,0,---,NO PLAY,---,11,2682,1222,238,6,EX HARD CLEAR,AAA,2018-05-23 20:37
EMPRESS,B4U(BEMANI FOR YOU MIX),RECKLESS RAVE,Remixed by DJ YOSHITAKA with Michael a la mode,0,6,0,0,0,---,NO PLAY,---,9,0,0,0,---,NO PLAY,---,11,0,0,0,---,EX HARD CLEAR,---,2017-12-29 17:46
EMPRESS,BITTER CHOCOLATE STRIKER,JUMPSTYLE,L.E.D.-G,21,5,0,0,0,---,NO PLAY,---,10,0,0,0,---,NO PLAY,---,12,3638,1673,292,0,FULLCOMBO CLEAR,AAA,2018-06-07 21:35
EMPRESS,Colorful Cookie,HAPPY HARDCORE,Lucky Vacuum,6,5,0,0,0,---,NO PLAY,---,10,0,0,0,---,NO PLAY,---,12,3170,1451,268,12,EX HARD CLEAR,AAA,2018-06-07 21:41
EMPRESS,Fly Above,DREAM TRANCE,Sota Fujimori,2,5,0,0,0,---,NO PLAY,---,6,0,0,0,---,NO PLAY,---,8,1902,892,118,4,FULLCOMBO CLEAR,AAA,2018-03-12 21:06
EMPRESS,Go Beyond!!,TRANCE CORE,Ryu☆ Vs. Sota,7,6,0,0,0,---,NO PLAY,---,10,0,0,0,---,NO PLAY,---,12,915,396,123,---,HARD CLEAR,D,2018-08-23 21:22
EMPRESS,Just a Little Smile,NU SKOOL BREAKS,Sota Fujimori,4,4,0,0,0,---,NO PLAY,---,8,0,0,0,---,NO PLAY,---,11,2226,988,250,4,EX HARD CLEAR,AA,2018-08-02 20:30
EMPRESS,Kung-fu Empire,ASIAN JANGLE,飛燕流舞,1,6,0,0,0,---,NO PLAY,---,10,0,0,0,---,NO PLAY,---,11,2973,1347,279,9,EX HARD CLEAR,AAA,2018-04-09 21:19
EMPRESS,naughty girl@Queen's Palace,TECH-BREAKBEATS,DJ Mass MAD Izm*,20,5,0,0,0,---,NO PLAY,---,9,0,0,0,---,NO PLAY,---,11,1853,801,251,10,HARD CLEAR,AA,2018-08-10 21:48
EMPRESS,Secrets,TECH-PARA,good-cool ft. CHiCO,11,6,0,0,0,---,NO PLAY,---,9,0,0,0,---,NO PLAY,---,11,2898,1325,248,6,EX HARD CLEAR,AAA,2018-06-26 21:02
EMPRESS,Turii ～Panta rhei～,ELEMENTAL CHANT,Zektbach,2,4,0,0,0,---,NO PLAY,---,9,0,0,0,---,NO PLAY,---,10,2525,1182,161,1,FULLCOMBO CLEAR,AAA,2018-03-20 22:50
EMPRESS,V2,PROGRESSIVE,TAKA,4,6,0,0,0,---,NO PLAY,---,10,0,0,0,---,NO PLAY,---,11,3255,1475,305,3,FULLCOMBO CLEAR,AAA,2018-01-30 21:04
EMPRESS,You'll say "Now!",ONLY ONE TECHNO,BLACK STAR 幸広-YUKIHIRO-,14,6,0,0,0,---,NO PLAY,---,10,0,0,0,---,NO PLAY,---,11,2338,1079,180,0,FULLCOMBO CLEAR,AAA,2018-04-17 21:18
EMPRESS,ミッドナイト堕天使,TRENDY TECHNO,Dr.Honda,0,5,0,0,0,---,NO PLAY,---,7,0,0,0,---,NO PLAY,---,11,0,0,0,---,EX HARD CLEAR,---,2017-12-29 17:46
EMPRESS,不沈艦CANDY,HARDCORE,Risk Junk,12,6,0,0,0,---,NO PLAY,---,9,0,0,0,---,NO PLAY,---,12,3029,1381,267,6,EX HARD CLEAR,AAA,2018-07-31 20:31
EMPRESS,卑弥呼,ESOTERIC SPEEDCORE,朱雀 VS 玄武,36,6,0,0,0,---,NO PLAY,---,11,0,0,0,---,NO PLAY,---,12,3446,1495,456,32,HARD CLEAR,AA,2018-08-24 23:20
EMPRESS,天空脳番長危機十六連打,RAGE AGAINST EMPRESS,D.J.SETUP,3,5,0,0,0,---,NO PLAY,---,10,0,0,0,---,NO PLAY,---,11,2366,1062,242,1,FULLCOMBO CLEAR,AAA,2018-03-22 21:37
EMPRESS,鉄甲乙女-under the steel-,IRON CONCERTO,Seiya Murai,0,4,0,0,0,---,NO PLAY,---,7,0,0,0,---,NO PLAY,---,10,0,0,0,---,FULLCOMBO CLEAR,---,2017-12-29 17:46
SIRIUS,Almagest,AKASHIC RECORDS,Galdeira,22,7,0,0,0,---,NO PLAY,---,11,0,0,0,---,NO PLAY,---,12,2868,1293,282,11,EX HARD CLEAR,AA,2018-08-21 20:56
SIRIUS,Bad Maniacs,INDUSTRIAL,kors k as teranoid,5,7,0,0,0,---,NO PLAY,---,10,0,0,0,---,NO PLAY,---,12,2931,1321,289,15,EX HARD CLEAR,AA,2018-08-09 20:45
SIRIUS,bass 2 bass,BUBBLEGUM DANCE,Ryu☆,0,4,0,0,0,---,NO PLAY,---,7,0,0,0,---,NO PLAY,---,10,0,0,0,---,HARD CLEAR,---,2017-12-29 17:46
SIRIUS,bloomin' feeling,HAPPY HARDCORE,Ryu☆,0,7,0,0,0,---,NO PLAY,---,9,0,0,0,---,NO PLAY,---,11,0,0,0,---,FULLCOMBO CLEAR,---,2017-12-29 17:46
SIRIUS,DESIRE,UK HARDCORE,M-Project fw. GUHROOVY,0,5,0,0,0,---,NO PLAY,---,9,0,0,0,---,NO PLAY,---,11,0,0,0,---,EX HARD CLEAR,---,2017-12-29 17:46
SIRIUS,DOMINION,HARDCORE,L.E.D.-G,0,7,0,0,0,---,NO PLAY,---,10,0,0,0,---,NO PLAY,---,12,0,0,0,---,EX HARD CLEAR,---,2017-12-29 17:46
SIRIUS,eRAseRmOToRpHAntOM,HARDCORE,L.E.D.-G VS GUHROOVY,3,7,0,0,0,---,NO PLAY,---,10,0,0,0,---,NO PLAY,---,12,2861,1241,379,14,EX HARD CLEAR,AA,2018-05-09 21:21
SIRIUS,Evans,HARD RENAISSANCE,DJ YOSHITAKA,1,6,0,0,0,---,NO PLAY,---,11,0,0,0,---,NO PLAY,---,12,2441,1052,337,15,HARD CLEAR,AA,2018-03-23 22:30
SIRIUS,EXUSIA,HARDCORE,L.E.D.-G,4,6,0,0,0,---,NO PLAY,---,10,0,0,0,---,NO PLAY,---,12,3249,1421,407,14,EX HARD CLEAR,AA,2018-01-30 22:03
SIRIUS,G59,EXPERIMENTAL MUSIC,怒れる金の獅子,0,7,0,0,0,---,NO PLAY,---,10,0,0,0,---,NO PLAY,---,12,0,0,0,---,FULLCOMBO CLEAR,---,2017-12-29 17:46
SIRIUS,GOLDEN CROSS,TECHNO,dj REMO-CON VS dj TAKA,0,5,0,0,0,---,NO PLAY,---,9,0,0,0,---,NO PLAY,---,12,0,0,0,---,FULLCOMBO CLEAR,---,2017-12-29 17:46
SIRIUS,Hydrogen Blueback,TECH DANCE,MAD CHILD,11,5,0,0,0,---,NO PLAY,---,8,0,0,0,---,NO PLAY,---,10,2149,995,159,1,FULLCOMBO CLEAR,AAA,2018-03-13 21:06
SIRIUS,mosaic,TECHNO POP SPEED,Auridy,0,7,0,0,0,---,NO PLAY,---,10,0,0,0,---,NO PLAY,---,12,0,0,0,---,FULLCOMBO CLEAR,---,2017-12-29 17:46
SIRIUS,quell～the seventh slave～,TRANCE,dj TAKA Vs. DJ YOSHITAKA,19,4,0,0,0,---,NO PLAY,---,9,0,0,0,---,NO PLAY,---,12,2944,1345,254,9,EX HARD CLEAR,AAA,2018-08-20 20:12
SIRIUS,Red. by Full Metal Jacket,TECH-BREAKBEATS,DJ Mass MAD Izm*,20,6,0,0,0,---,NO PLAY,---,10,0,0,0,---,NO PLAY,---,12,2649,1106,437,29,HARD CLEAR,AA,2018-08-02 20:35
SIRIUS,SOLID STATE SQUAD,HARDSTYLE,kors k Vs. L.E.D.,3,5,0,0,0,---,NO PLAY,---,10,0,0,0,---,NO PLAY,---,12,3327,1531,265,10,EX HARD CLEAR,AAA,2018-08-21 20:15
SIRIUS,SOLID STATE SQUAD†,HARDSTYLE,kors k Vs. L.E.D.,0,0,0,0,0,---,NO PLAY,---,0,0,0,0,---,NO PLAY,---,12,0,0,0,---,HARD CLEAR,---,2017-12-29 17:46
SIRIUS,ワルツ第17番 ト短調”大犬のワルツ”,VALSE,virkato,19,6,0,0,0,---,NO PLAY,---,10,0,0,0,---,NO PLAY,---,12,2791,1210,371,18,EX HARD CLEAR,AA,2018-06-04 16:28
Resort Anthem,Aegis,TECHNO,IT medalion,16,6,0,0,0,---,NO PLAY,---,8,0,0,0,---,NO PLAY,---,11,2158,978,202,3,EX HARD CLEAR,AAA,2018-08-16 21:00
Resort Anthem,ALBIDA,HARD RENAISSANCE,DJ YOSHITAKA,0,6,0,0,0,---,NO PLAY,---,10,0,0,0,---,NO PLAY,---,12,0,0,0,---,FULLCOMBO CLEAR,---,2017-12-29 17:46
Resort Anthem,Breaking the ground,HARDCORE,Art of Fighters,10,5,0,0,0,---,NO PLAY,---,8,0,0,0,---,NO PLAY,---,10,2340,1086,168,3,EX HARD CLEAR,AAA,2018-07-11 21:20
Resort Anthem,Broken,TRANCE,dj TAKA feat.AiMEE,11,5,0,0,0,---,NO PLAY,---,9,0,0,0,---,NO PLAY,---,12,2971,1387,197,1,FULLCOMBO CLEAR,AAA,2018-05-08 19:58
Resort Anthem,BROKEN EDEN,SYMPHONIC-TEK,MYTHOLOGIA by MLREC.,0,6,0,0,0,---,NO PLAY,---,9,0,0,0,---,NO PLAY,---,11,0,0,0,---,ASSIST CLEAR,---,2017-12-29 17:46
Resort Anthem,Dances with Snow Fairies,トレンディートランス,Dr.Honda,5,7,0,0,0,---,NO PLAY,---,10,0,0,0,---,NO PLAY,---,12,2795,1238,319,21,EX HARD CLEAR,AA,2018-08-07 18:50
Resort Anthem,ELECTRIC MASSIVE DIVER,GABBA,L.E.D.-G,1,6,0,0,0,---,NO PLAY,---,10,0,0,0,---,NO PLAY,---,12,3467,1627,213,17,EX HARD CLEAR,AAA,2018-02-28 22:50
Resort Anthem,Kailua,ENERGETIC HAWAIIAN TRANCE,kors k,4,5,0,0,0,---,NO PLAY,---,9,0,0,0,---,NO PLAY,---,11,2023,920,183,8,EX HARD CLEAR,AAA,2018-08-10 20:33
Resort Anthem,PARADISE LOST,TRANCE CORE,Ryu☆ Vs. L.E.D.-G,5,7,0,0,0,---,NO PLAY,---,11,0,0,0,---,NO PLAY,---,12,2887,1255,377,15,EX HARD CLEAR,AA,2018-05-14 21:09
Resort Anthem,perditus†paradisus,ANTHEM CORE,iconoclasm,17,7,0,0,0,---,NO PLAY,---,11,0,0,0,---,NO PLAY,---,12,3428,1485,458,16,EX HARD CLEAR,AA,2018-08-14 20:39
Resort Anthem,reunion,CYBER WALTZ,Tatsh,10,8,0,0,0,---,NO PLAY,---,11,0,0,0,---,NO PLAY,---,12,2959,1341,277,18,EX HARD CLEAR,AA,2018-06-12 20:24
Resort Anthem,Rock Da House,UK HARDCORE,M-Project fw. GUHROOVY,7,5,0,0,0,---,NO PLAY,---,9,0,0,0,---,NO PLAY,---,11,2109,995,119,2,EX HARD CLEAR,AAA,2018-07-20 22:24
Resort Anthem,Sakura Reflection,HAPPY HARDCORE,Ryu☆,0,3,0,0,0,---,NO PLAY,---,9,0,0,0,---,NO PLAY,---,11,0,0,0,---,EX HARD CLEAR,---,2017-12-29 17:46
Resort Anthem,sakura storm,HAPPY HARDCORE,Ryu☆,0,5,0,0,0,---,NO PLAY,---,8,0,0,0,---,NO PLAY,---,12,0,0,0,---,EX HARD CLEAR,---,2017-12-29 17:46
Resort Anthem,Session 9 -Chronicles-,ROCKIN' DRUM'N'BASS,PRASTIK DANCEFLOOR,0,5,0,0,0,---,NO PLAY,---,10,0,0,0,---,NO PLAY,---,12,0,0,0,---,EX HARD CLEAR,---,2017-12-29 17:46
Resort Anthem,SPECIAL SUMMER CAMPAIGN!,BUCHIAGE TRANCE,Lucky Vacuum,0,4,0,0,0,---,NO PLAY,---,8,0,0,0,---,NO PLAY,---,12,0,0,0,---,EX HARD CLEAR,---,2017-12-29 17:46
Resort Anthem,STELLAR WIND,HARD DANCE,L.E.D.,5,4,0,0,0,---,NO PLAY,---,9,0,0,0,---,NO PLAY,---,11,2426,1091,244,2,EX HARD CLEAR,AA,2018-07-25 19:47
Resort Anthem,THE FALLEN,GOTH NU-STYLE GABBA,L.E.D.-G,0,5,0,0,0,---,NO PLAY,---,8,0,0,0,---,NO PLAY,---,11,0,0,0,---,EX HARD CLEAR,---,2017-12-29 17:46
Resort Anthem,Vermillion,PSYCHE FUSION,Mystic Moon,1,5,0,0,0,---,NO PLAY,---,7,0,0,0,---,NO PLAY,---,10,1878,870,138,10,ASSIST CLEAR,AAA,2018-04-17 22:07
Resort Anthem,Watch Out Pt.2,TECH-BREAKBEATS,DJ Mass MAD Izm* VS.DJ Yoshitaka,17,6,0,0,0,---,NO PLAY,---,9,0,0,0,---,NO PLAY,---,12,2389,989,411,28,HARD CLEAR,AA,2018-07-18 21:02
Resort Anthem,夕焼け ～Fading Day～,AURAL ADRENALINE,JAKAZiD,2,5,0,0,0,---,NO PLAY,---,9,0,0,0,---,NO PLAY,---,11,2627,1228,171,1,FULLCOMBO CLEAR,AAA,2018-02-28 22:14
Resort Anthem,旅人リラン,ELECLORE,XOGO BRYKK,0,6,0,0,0,---,NO PLAY,---,9,0,0,0,---,NO PLAY,---,11,0,0,0,---,EX HARD CLEAR,---,2017-12-29 17:46
Resort Anthem,灼熱Beach Side Bunny,BROKEN SAMBA BREAK,DJ Mass MAD Izm*,175,7,0,0,0,---,NO PLAY,---,10,1491,572,347,32,HARD CLEAR,A,12,2548,1029,490,50,HARD CLEAR,A,2018-07-20 23:20
Resort Anthem,黒髪乱れし修羅となりて,撫子メタル,村正クオリア,7,4,0,0,0,---,NO PLAY,---,9,0,0,0,---,NO PLAY,---,12,3163,1446,271,1,EX HARD CLEAR,AAA,2018-05-22 22:16
Lincle,532nm,HARDCORE,Ryu☆,2,3,0,0,0,---,NO PLAY,---,7,0,0,0,---,NO PLAY,---,11,2505,1162,181,0,FULLCOMBO CLEAR,AAA,2018-02-22 22:11
Lincle,Almace,TECHNO,Qrispy Joybox,0,4,0,0,0,---,NO PLAY,---,8,0,0,0,---,NO PLAY,---,10,0,0,0,---,EX HARD CLEAR,---,2017-12-29 17:46
Lincle,BLACK.by X-Cross Fade,TECH-BREAKBEATS,DJ Mass MAD Izm*,62,6,0,0,0,---,NO PLAY,---,10,0,0,0,---,HARD CLEAR,---,12,2881,1242,397,42,HARD CLEAR,AA,2018-08-24 23:12
Lincle,Castle on the Moon,DANCE SPEED,青龍,2,4,0,0,0,---,NO PLAY,---,9,0,0,0,---,NO PLAY,---,11,2137,962,213,13,EX HARD CLEAR,AA,2018-03-06 21:37
Lincle,DIAVOLO,TRANSCENDENTAL ETUDES,度胸兄弟,13,6,0,0,0,---,NO PLAY,---,9,0,0,0,---,NO PLAY,---,12,2777,1216,345,36,HARD CLEAR,AA,2018-08-20 21:05
Lincle,Express Emotion,J-CORE,REDALiCE feat. Shihori,1,4,0,0,0,---,NO PLAY,---,6,0,0,0,---,NO PLAY,---,10,2319,1066,187,1,FULLCOMBO CLEAR,AAA,2018-03-27 21:46
Lincle,F,RENAISSANCE,D.J.Amuro,5,5,0,0,0,---,NO PLAY,---,10,0,0,0,---,NO PLAY,---,12,3280,1496,288,0,FULLCOMBO CLEAR,AAA,2018-04-12 21:44
Lincle,Far east nightbird,DRUM'N'BASS,猫叉Master,0,3,0,0,0,---,NO PLAY,---,7,0,0,0,---,NO PLAY,---,9,0,0,0,---,EX HARD CLEAR,---,2017-12-29 17:46
Lincle,fffff,HARD Pf,Five Hammer,2,4,0,0,0,---,NO PLAY,---,10,0,0,0,---,NO PLAY,---,12,2698,1193,312,21,EX HARD CLEAR,AA,2018-02-11 15:56
Lincle,Flip Flap,CANDY HANDZ UP,kors k,0,3,0,0,0,---,NO PLAY,---,7,0,0,0,---,NO PLAY,---,10,0,0,0,---,FULLCOMBO CLEAR,---,2017-12-29 17:46
Lincle,HAERETICUS,ECCENTRIC,D.J.Amuro Vs MAX MAXIMIZER,10,5,0,0,0,---,NO PLAY,---,10,0,0,0,---,NO PLAY,---,12,2767,1232,303,9,EX HARD CLEAR,AA,2018-05-17 22:50
Lincle,I'm so Happy,HAPPY HARDCORE,Ryu☆,0,3,0,0,0,---,NO PLAY,---,8,0,0,0,---,NO PLAY,---,11,0,0,0,---,EX HARD CLEAR,---,2017-12-29 17:46
Lincle,NNRT,ELECTRO GOTHIC,Levaslater,0,6,0,0,0,---,NO PLAY,---,10,0,0,0,---,NO PLAY,---,12,0,0,0,---,EX HARD CLEAR,---,2017-12-29 17:46
Lincle,quaver♪,HAPPY,Risk Junk,1,4,0,0,0,---,NO PLAY,---,9,0,0,0,---,NO PLAY,---,12,857,381,95,---,FAILED,E,2017-12-30 17:42
Lincle,SA.YO.NA.RA. SUPER STAR,ONLY ONE FINALE,SUPER STAR 満-MITSURU-,2,4,0,0,0,---,NO PLAY,---,8,0,0,0,---,NO PLAY,---,10,1575,723,129,5,ASSIST CLEAR,AAA,2018-05-17 21:28
Lincle,SHADE,TECHNO,DJ MURASAME vs dj Killer,0,5,0,0,0,---,NO PLAY,---,9,0,0,0,---,NO PLAY,---,11,0,0,0,---,EX HARD CLEAR,---,2017-12-29 17:46
Lincle,Snake Stick,TECH-BREAKBEATS,DJ Yoshitaka VS. DJ Mass MAD Izm*,21,6,0,0,0,---,NO PLAY,---,10,0,0,0,---,NO PLAY,---,12,2317,966,385,38,HARD CLEAR,AA,2018-08-02 20:48
Lincle,The Limbo,CYBER PUNK,STN,12,6,0,0,0,---,NO PLAY,---,10,0,0,0,---,NO PLAY,---,12,3037,1391,255,9,EX HARD CLEAR,AAA,2018-07-31 20:34
Lincle,The Sampling Paradise,HARD TRANCE,Mamonis,12,5,0,0,0,---,NO PLAY,---,9,0,0,0,---,NO PLAY,---,12,2756,1243,270,12,EX HARD CLEAR,AAA,2018-07-26 20:54
Lincle,Thunderbolt,RAVERS DANCE SPEED,雷龍,0,5,0,0,0,---,NO PLAY,---,9,0,0,0,---,NO PLAY,---,12,0,0,0,---,EX HARD CLEAR,---,2017-12-29 17:46
Lincle,TITANS RETURN,DRUMSTEP,L.E.D.,1,4,0,0,0,---,NO PLAY,---,8,0,0,0,---,NO PLAY,---,11,2343,1079,185,1,FULLCOMBO CLEAR,AAA,2018-07-12 21:14
Lincle,Todestrieb,SACRED TRANCE,Rche,5,5,0,0,0,---,NO PLAY,---,9,0,0,0,---,NO PLAY,---,12,3237,1517,203,1,FULLCOMBO CLEAR,AAA,2018-02-27 22:15
Lincle,WONDER WALKER,HARD TRANCE,L.E.D.,3,5,0,0,0,---,NO PLAY,---,9,0,0,0,---,NO PLAY,---,12,3581,1678,225,1,FULLCOMBO CLEAR,AAA,2018-04-25 21:12
Lincle,YAKSHA,TERROR CORE,Neulakyussra,3,6,0,0,0,---,NO PLAY,---,10,0,0,0,---,NO PLAY,---,12,3448,1530,388,19,EX HARD CLEAR,AA,2018-03-13 21:57
Lincle,天空の夜明け,ANTHEM,Cuvelia,12,7,0,0,0,---,NO PLAY,---,10,0,0,0,---,NO PLAY,---,12,3697,1685,327,9,EX HARD CLEAR,AAA,2018-08-07 19:02
Lincle,子供の落書き帳,PROGRESSIVE,佐々木博史,1,6,0,0,0,---,NO PLAY,---,10,0,0,0,---,NO PLAY,---,12,2237,975,287,11,EX HARD CLEAR,AA,2018-01-25 22:29
Lincle,恋する☆宇宙戦争っ！！,Hi-BLEEP,Prim,3,5,0,0,0,---,NO PLAY,---,8,0,0,0,---,NO PLAY,---,12,3270,1471,328,8,EX HARD CLEAR,AAA,2018-05-03 14:33
Lincle,聖人の塔,BATTLE TRACK,Beridzebeth,2,6,0,0,0,---,NO PLAY,---,10,0,0,0,---,NO PLAY,---,12,2658,1180,298,12,EX HARD CLEAR,AA,2018-04-24 20:33
Lincle,蛇神,ORIENTAL MYTHOLOGY,Zektbach,3,4,0,0,0,---,NO PLAY,---,8,0,0,0,---,NO PLAY,---,11,2606,1186,234,3,EX HARD CLEAR,AAA,2018-07-31 19:09
tricoro,405nm (Ryu☆mix),HARDCORE,Another Infinity,9,5,0,0,0,---,NO PLAY,---,9,0,0,0,---,NO PLAY,---,11,2441,1147,147,0,FULLCOMBO CLEAR,AAA,2018-05-29 19:00
tricoro,8bit Princess,CHIPTUNE,seiya-murai feat. ALT,3,3,0,0,0,---,NO PLAY,---,6,0,0,0,---,NO PLAY,---,10,2484,1172,140,0,FULLCOMBO CLEAR,AAA,2018-01-17 21:46
tricoro,BLUE STRAGGLER,HARD DANCE,L.E.D.,3,4,0,0,0,---,NO PLAY,---,7,0,0,0,---,NO PLAY,---,10,2420,1113,194,2,FULLCOMBO CLEAR,AAA,2018-05-16 20:37
tricoro,Confiserie,HARD ELECTRIC POP,L.E.D. vs S-C-U,22,5,0,0,0,---,NO PLAY,---,10,0,0,0,---,NO PLAY,---,12,3247,1468,311,8,EX HARD CLEAR,AA,2018-08-14 21:00
tricoro,Cookie Bouquets,BREAK CORE,L.E.D. vs TOMOSUKE fw.crimm,2,5,0,0,0,---,NO PLAY,---,9,0,0,0,---,NO PLAY,---,11,3218,1517,184,0,FULLCOMBO CLEAR,AAA,2018-03-28 22:24
tricoro,DAY DREAM,DARK PROGRESSIVE,Mutsuhiko Izumi,2,5,0,0,0,---,NO PLAY,---,10,0,0,0,---,NO PLAY,---,12,1747,744,259,12,EX HARD CLEAR,AA,2018-08-01 21:22
tricoro,Devilz Staircase,SYMPHONIC BREAK BEATS,OSTER project,2,3,0,0,0,---,NO PLAY,---,10,0,0,0,---,NO PLAY,---,12,2812,1221,370,15,EX HARD CLEAR,AA,2018-01-07 17:15
tricoro,Elemental Creation,HARD RENAISSANCE,dj TAKA meets DJ YOSHITAKA,25,7,0,0,0,---,NO PLAY,---,10,0,0,0,---,NO PLAY,---,12,3740,1683,374,12,EX HARD CLEAR,AA,2018-07-26 22:11
tricoro,examination leave,VACATION DANCE,dj razzle dazzle,2,6,0,0,0,---,NO PLAY,---,9,0,0,0,---,NO PLAY,---,11,3231,1531,169,1,FULLCOMBO CLEAR,AAA,2018-05-08 19:16
tricoro,FLOWER,TRANCE CORE,DJ YOSHITAKA,0,6,0,0,0,---,NO PLAY,---,9,0,0,0,---,NO PLAY,---,11,0,0,0,---,EX HARD CLEAR,---,2017-12-29 17:46
tricoro,GAIA,SPEED DANCE,猫叉L.E.D.Master+,0,5,0,0,0,---,NO PLAY,---,10,0,0,0,---,NO PLAY,---,12,0,0,0,---,FULLCOMBO CLEAR,---,2017-12-29 17:46
tricoro,Hollywood Galaxy,DRUM'N'BASS,dj TAKA,3,5,0,0,0,---,NO PLAY,---,10,0,0,0,---,NO PLAY,---,12,2437,1098,241,17,EX HARD CLEAR,AA,2018-07-25 19:53
tricoro,Illegal Function Call,ORBITALIC CORE,U1-ASAMi,0,5,0,0,0,---,NO PLAY,---,9,0,0,0,---,NO PLAY,---,11,0,0,0,---,EX HARD CLEAR,---,2017-12-29 17:46
tricoro,JOMANDA,HARD RENAISSANCE,DJ YOSHITAKA,2,6,0,0,0,---,NO PLAY,---,10,0,0,0,---,NO PLAY,---,12,3232,1443,346,25,HARD CLEAR,AA,2018-08-02 21:28
tricoro,Liberation,TRANCE,dj TAKA,11,6,0,0,0,---,NO PLAY,---,9,0,0,0,---,NO PLAY,---,12,3523,1651,221,9,EX HARD CLEAR,AAA,2018-08-07 19:10
tricoro,Little Star,J-CORE,REDALiCE feat. Ayumi Nomiya,0,5,0,0,0,---,NO PLAY,---,8,0,0,0,---,NO PLAY,---,12,0,0,0,---,EX HARD CLEAR,---,2017-12-29 17:46
tricoro,neu,NIENTE,少年ラジオ,3,6,0,0,0,---,NO PLAY,---,10,0,0,0,---,NO PLAY,---,12,3396,1510,376,19,EX HARD CLEAR,AA,2018-01-05 22:37
tricoro,New Decade IIDX Edition,SPEED DANCE CORE,Sota F.,0,5,0,0,0,---,NO PLAY,---,9,0,0,0,---,NO PLAY,---,11,0,0,0,---,EX HARD CLEAR,---,2017-12-29 17:46
tricoro,Plan 8,HAPPY GABBA,Ryu☆,17,6,0,0,0,---,NO PLAY,---,10,0,0,0,---,NO PLAY,---,12,2735,1170,395,34,HARD CLEAR,AA,2018-08-03 22:32
tricoro,POINT ZERO,DRUM'N'BASS,猫叉Master+,0,4,0,0,0,---,NO PLAY,---,7,0,0,0,---,NO PLAY,---,10,0,0,0,---,NO PLAY,---,2017-12-29 17:46
tricoro,Proof of the existence,HARD ELECTRONICA,猫叉Master+,3,6,0,0,0,---,NO PLAY,---,10,0,0,0,---,NO PLAY,---,12,2822,1218,386,10,EX HARD CLEAR,AA,2018-06-12 20:01
tricoro,Rainbow after snow,DRUM'N'BASS,猫叉Master feat.林ももこ,4,3,0,0,0,---,NO PLAY,---,7,0,0,0,---,NO PLAY,---,10,2056,980,96,1,FULLCOMBO CLEAR,AAA,2018-07-12 20:12
tricoro,Re:GENERATION,EMOTIONAL SENTENCE,TAG feat. ERi,12,5,0,0,0,---,NO PLAY,---,8,0,0,0,---,NO PLAY,---,10,2094,966,162,1,EX HARD CLEAR,AAA,2018-07-30 20:21
tricoro,S!ck,DRUMSTEP,Eagle,23,5,0,0,0,---,NO PLAY,---,8,0,0,0,---,NO PLAY,---,11,2495,1139,217,3,EX HARD CLEAR,AAA,2018-08-23 20:19
tricoro,Shining World,ELECTRO POP,DJ Genki feat. Yukacco,0,6,0,0,0,---,NO PLAY,---,8,0,0,0,---,NO PLAY,---,9,0,0,0,---,FULLCOMBO CLEAR,---,2017-12-29 17:46
tricoro,Sol Cosine Job 2,FREEFORM HARDCORE,DJ TECHNORCH,2,6,0,0,0,---,NO PLAY,---,9,0,0,0,---,NO PLAY,---,12,2778,1213,352,9,EX HARD CLEAR,AA,2018-04-17 21:29
tricoro,STULTI,GRAVIOL,MAX MAXIMIZER VS DJ TOTTO,6,5,0,0,0,---,NO PLAY,---,10,0,0,0,---,NO PLAY,---,12,2257,942,373,19,EX HARD CLEAR,AA,2018-03-07 20:53
tricoro,SYNC-ANTHEM,LATIN EURO,Tatsh feat. 星野奏子,0,5,0,0,0,---,NO PLAY,---,10,0,0,0,---,NO PLAY,---,12,0,0,0,---,EX HARD CLEAR,---,2017-12-29 17:46
tricoro,Take My Life,EUROBEAT,Y&Co.,1,5,0,0,0,---,NO PLAY,---,8,0,0,0,---,NO PLAY,---,11,2755,1276,203,1,FULLCOMBO CLEAR,AAA,2018-04-16 22:17
tricoro,Thor's Hammer,TRANSCENDENTAL ETUDES,ユニバーサル度胸兄弟,23,5,0,0,0,---,NO PLAY,---,10,0,0,0,---,NO PLAY,---,12,2520,1069,382,29,HARD CLEAR,A,2018-08-20 21:07
tricoro,Timepiece phase II,PROGRESSIVE ROCK,佐々木博史,2,5,0,0,0,---,NO PLAY,---,10,0,0,0,---,NO PLAY,---,12,2899,1283,333,10,EX HARD CLEAR,AA,2018-05-14 21:06
tricoro,Timepiece phase II (CN Ver.),PROGRESSIVE ROCK,佐々木博史,19,6,0,0,0,---,NO PLAY,---,10,0,0,0,---,NO PLAY,---,12,2553,1094,365,11,EX HARD CLEAR,AA,2018-08-23 21:45
tricoro,True Blue,ESSENTIALLY,dj TAKA feat.AiMEE,1,5,0,0,0,---,NO PLAY,---,10,0,0,0,---,NO PLAY,---,12,3345,1505,335,6,EX HARD CLEAR,AA,2018-02-06 21:32
tricoro,Valanga,ART CORE,DJ TOTTO,0,7,0,0,0,---,NO PLAY,---,10,0,0,0,---,NO PLAY,---,12,0,0,0,---,EX HARD CLEAR,---,2017-12-29 17:46
tricoro,VEGA,UNIVERSAL J-CORE,REDALiCE,2,5,0,0,0,---,NO PLAY,---,9,1909,882,145,4,EX HARD CLEAR,AAA,11,2933,1363,207,0,FULLCOMBO CLEAR,AAA,2018-03-23 22:25
tricoro,ZED,DUB STEP,USAO,13,5,0,0,0,---,NO PLAY,---,8,0,0,0,---,NO PLAY,---,11,2578,1189,200,1,EX HARD CLEAR,AAA,2018-08-24 22:14
tricoro,Zirkfied,SPACE REQUIEM,iconoclasm,5,5,0,0,0,---,NO PLAY,---,10,0,0,0,---,NO PLAY,---,12,3341,1454,433,15,EX HARD CLEAR,AA,2018-01-18 23:04
tricoro,ΕΛΠΙΣ,ROMANTIC SCHOOL VARIATIONS,dj TAKA,1,6,0,0,0,---,NO PLAY,---,10,0,0,0,---,NO PLAY,---,12,2870,1295,280,2,FULLCOMBO CLEAR,AAA,2018-02-24 21:00
tricoro,†渚の小悪魔ラヴリィ～レイディオ†(IIDX EDIT),Hi-CORE,夏色ビキニのPrim,1,3,0,0,0,---,NO PLAY,---,9,0,0,0,---,NO PLAY,---,12,3112,1355,402,25,EX HARD CLEAR,AA,2018-02-08 21:44
tricoro,たまゆら,PROGRESSIVE,佐々木博史,0,7,0,0,0,---,NO PLAY,---,10,0,0,0,---,NO PLAY,---,12,0,0,0,---,FULLCOMBO CLEAR,---,2017-12-29 17:46
tricoro,アストライアの双皿,ZODIAC ORACLE 7,ZODIACSYNDICATE,2,4,0,0,0,---,NO PLAY,---,9,0,0,0,---,NO PLAY,---,12,2735,1196,343,18,EX HARD CLEAR,AA,2018-04-20 22:13
tricoro,キャトられ恋はモ～モク,Hi-ν BLEEP,ギュ～っとしたいPrim,21,6,0,0,0,---,NO PLAY,---,10,0,0,0,---,NO PLAY,---,12,3458,1539,380,12,EX HARD CLEAR,AA,2018-08-24 22:19
tricoro,シュレーディンガーの猫,TOY CONTEMPORARY,Cait Sith,3,6,0,0,0,---,NO PLAY,---,10,0,0,0,---,NO PLAY,---,12,3149,1455,239,3,HARD CLEAR,AAA,2018-08-24 22:17
tricoro,トリカゴノ鳳凰,歌謡 DRUM & BASS,L.E.D. Vs. 幽閉サテライト,1,6,0,0,0,---,NO PLAY,---,9,0,0,0,---,NO PLAY,---,12,3378,1519,340,12,EX HARD CLEAR,AA,2018-02-24 21:28
tricoro,仮想空間の旅人たち,TECHNO,DJ MURASAME,0,5,0,0,0,---,NO PLAY,---,9,0,0,0,---,NO PLAY,---,11,0,0,0,---,FULLCOMBO CLEAR,---,2017-12-29 17:46
tricoro,即席！脳直★ミュージックシステム,AKIBA-POP,MOSAIC.WAV,2,6,0,0,0,---,NO PLAY,---,10,0,0,0,---,NO PLAY,---,12,3140,1385,370,9,EX HARD CLEAR,AA,2018-04-23 21:01
tricoro,狂イ咲ケ焔ノ華,Hi-GOTH,覚醒ノPrim,0,6,0,0,0,---,NO PLAY,---,10,0,0,0,---,NO PLAY,---,12,0,0,0,---,EX HARD CLEAR,---,2017-12-29 17:46
tricoro,龍と少女とデコヒーレンス,EPIC TECHNO,黒猫ダンジョン,2,5,0,0,0,---,NO PLAY,---,8,0,0,0,---,NO PLAY,---,11,2795,1288,219,0,FULLCOMBO CLEAR,AAA,2018-01-25 22:34
SPADA,Adularia,ARTCORE,DJ TOTTO,2,6,0,0,0,---,NO PLAY,---,10,0,0,0,---,NO PLAY,---,12,2558,1165,228,11,EX HARD CLEAR,AA,2018-03-29 23:08
SPADA,Ancient Scapes,DYNASTIC FREEFORM,Durandal,0,6,0,0,0,---,NO PLAY,---,10,0,0,0,---,NO PLAY,---,12,0,0,0,---,EX HARD CLEAR,---,2017-12-29 17:46
SPADA,Ancient Scapes†LEGGENDARIA,DYNASTIC FREEFORM,Durandal,12,0,0,0,0,---,NO PLAY,---,0,0,0,0,---,NO PLAY,---,12,3885,1784,317,20,EX HARD CLEAR,AA,2018-08-10 21:12
SPADA,ATHER,ASTRAL HARDCORE,TAG underground,0,5,0,0,0,---,NO PLAY,---,8,0,0,0,---,NO PLAY,---,11,0,0,0,---,EX HARD CLEAR,---,2017-12-29 17:46
SPADA,BLUE DRAGON(雷龍RemixIIDX),RAVERS DANCE SPEED,青龍,0,7,0,0,0,---,NO PLAY,---,10,0,0,0,---,NO PLAY,---,12,0,0,0,---,FAILED,---,2017-12-29 17:46
SPADA,BRAINSTORM,TRANCECORE MEETS GABBA,Hardcore United Tokyo(teranoid & DJ TECHNORCH),10,4,0,0,0,---,NO PLAY,---,10,0,0,0,---,NO PLAY,---,11,2608,1211,186,11,EX HARD CLEAR,AAA,2018-08-21 20:32
SPADA,Close the World feat. a☆ru,J-CORE,天叢雲剣,0,5,0,0,0,---,NO PLAY,---,10,0,0,0,---,NO PLAY,---,12,0,0,0,---,EX HARD CLEAR,---,2017-12-29 17:46
SPADA,Critical Crystal,DANCE SPEED,青龍,1,6,0,0,0,---,NO PLAY,---,8,0,0,0,---,NO PLAY,---,11,2703,1242,219,3,FULLCOMBO CLEAR,AAA,2018-03-23 21:47
SPADA,DARK LEGACY,DARK ELEMENT,BaSTeT,1,6,0,0,0,---,NO PLAY,---,9,0,0,0,---,NO PLAY,---,12,3262,1489,284,7,EX HARD CLEAR,AAA,2018-03-22 21:46
SPADA,diagram,GLITCH HOP,Expander,3,3,0,0,0,---,NO PLAY,---,7,0,0,0,---,NO PLAY,---,11,2593,1165,263,8,EX HARD CLEAR,AA,2018-08-24 22:59
SPADA,Elektrick U-Phoria,UK HARDCORE,DJ Noriken,2,6,0,0,0,---,NO PLAY,---,9,0,0,0,---,NO PLAY,---,11,2924,1378,168,0,FULLCOMBO CLEAR,AAA,2018-02-21 21:25
SPADA,Feel The Beat,HARDCORE RAVE,Falsion,2,7,0,0,0,---,NO PLAY,---,10,0,0,0,---,NO PLAY,---,12,3152,1379,394,5,EX HARD CLEAR,AA,2018-03-27 22:50
SPADA,Feel The Beat†LEGGENDARIA,HARDCORE RAVE,Falsion,8,0,0,0,0,---,NO PLAY,---,0,0,0,0,---,NO PLAY,---,12,3796,1646,504,13,EX HARD CLEAR,AA,2018-01-17 23:22
SPADA,Idola,REPLICANT CORE,iconoclasm feat.GUMI,3,6,0,0,0,---,NO PLAY,---,10,0,0,0,---,NO PLAY,---,12,3237,1464,309,5,FULLCOMBO CLEAR,AA,2018-02-08 21:31
SPADA,Immortal,J-CORE,DJ NAGAI,1,5,0,0,0,---,NO PLAY,---,9,0,0,0,---,NO PLAY,---,12,2812,1253,306,12,EX HARD CLEAR,AA,2018-02-27 21:52
SPADA,Insane Techniques,Hi-TECH FULL ON,kors k,9,4,0,0,0,---,NO PLAY,---,7,0,0,0,---,NO PLAY,---,11,2279,1050,179,6,EX HARD CLEAR,AAA,2018-08-14 20:36
SPADA,INSOMNIA,FUNKOT,ジャカルタファンクブラザーズ,0,4,0,0,0,---,NO PLAY,---,8,0,0,0,---,NO PLAY,---,12,0,0,0,---,EX HARD CLEAR,---,2017-12-29 17:46
SPADA,invoker,TRIBE CORE,Caladborg,3,5,0,0,0,---,NO PLAY,---,9,0,0,0,---,NO PLAY,---,12,2838,1252,334,14,EX HARD CLEAR,AA,2018-02-27 22:25
SPADA,invoker†LEGGENDARIA,TRIBE CORE,Caladborg,2,0,0,0,0,---,NO PLAY,---,0,0,0,0,---,NO PLAY,---,12,3273,1481,311,31,HARD CLEAR,AA,2018-08-17 20:58
SPADA,IX,BLOOD METAL,dj TAKA VS DJ TOTTO feat.藍,9,6,0,0,0,---,NO PLAY,---,11,0,0,0,---,NO PLAY,---,12,3454,1528,398,26,EX HARD CLEAR,AA,2018-03-15 21:30
SPADA,Last Dance,HARD STACC,dj TAKA,2,6,0,0,0,---,NO PLAY,---,10,0,0,0,---,NO PLAY,---,12,2910,1304,302,7,EX HARD CLEAR,AA,2018-01-30 22:06
SPADA,Miracle 5ympho X,FRENCHCORE,USAO,14,5,0,0,0,---,NO PLAY,---,8,0,0,0,---,NO PLAY,---,10,2450,1152,146,3,EX HARD CLEAR,AAA,2018-08-07 18:33
SPADA,Overload Frontier,HARDCORE RAVE,DJ Shimamura,1,5,0,0,0,---,NO PLAY,---,8,0,0,0,---,NO PLAY,---,11,657,274,109,---,FAILED,E,2017-12-30 17:45
SPADA,PUNISHER,VARIANT RAVE,TAG×PON,3,5,0,0,0,---,NO PLAY,---,9,0,0,0,---,NO PLAY,---,12,3218,1442,334,5,EX HARD CLEAR,AA,2018-01-25 22:52
SPADA,ra'am,RAVERS DANCE SPEED,雷龍,4,8,0,0,0,---,NO PLAY,---,10,0,0,0,---,NO PLAY,---,12,2423,1045,333,15,EX HARD CLEAR,AA,2018-03-23 22:49
SPADA,RIZING YOU UP,HAPPY HARDCORE,Ryu☆,0,6,0,0,0,---,NO PLAY,---,9,0,0,0,---,NO PLAY,---,10,0,0,0,---,EASY CLEAR,---,2017-12-29 17:46
SPADA,Sigmund,REQUIEM PSY,Gram,21,7,0,0,0,---,NO PLAY,---,10,0,0,0,---,NO PLAY,---,12,3379,1462,455,24,EX HARD CLEAR,AA,2018-05-01 21:23
SPADA,Sigmund†LEGGENDARIA,REQUIEM PSY,Gram,4,0,0,0,0,---,NO PLAY,---,0,0,0,0,---,NO PLAY,---,12,3711,1599,513,47,HARD CLEAR,AA,2018-08-16 21:51
SPADA,Squeeze,WITHOUT YOU TONIGHT-VI-,VENUS feat. Mutsuhiko Izumi,0,5,0,0,0,---,NO PLAY,---,8,0,0,0,---,NO PLAY,---,11,0,0,0,---,EX HARD CLEAR,---,2017-12-29 17:46
SPADA,Unicorn tail,BREAKBEATS TRANCE,DJ YOSHITAKA,2,5,0,0,0,---,NO PLAY,---,9,0,0,0,---,NO PLAY,---,11,2901,1332,237,11,EX HARD CLEAR,AAA,2018-06-12 21:07
SPADA,Verflucht,HARD NRG,Tyrfing,7,6,0,0,0,---,NO PLAY,---,10,0,0,0,---,NO PLAY,---,12,3129,1403,323,18,EX HARD CLEAR,AA,2018-03-12 21:25
SPADA,Verflucht†LEGGENDARIA,HARD NRG,Tyrfing,45,0,0,0,0,---,NO PLAY,---,0,0,0,0,---,NO PLAY,---,12,4269,1947,375,33,HARD CLEAR,AAA,2018-08-24 22:52
SPADA,VOX UP,ROTTERDAM TECHNO,sampling masters MEGA vs 青龍,8,8,0,0,0,---,NO PLAY,---,11,0,0,0,---,NO PLAY,---,12,3121,1379,363,---,HARD CLEAR,AA,2018-08-02 22:08
SPADA,デッドボヲルdeホームラン,ELECTRIC MANOUSH SWING,猫叉Masterβ2,9,3,0,0,0,---,NO PLAY,---,9,0,0,0,---,NO PLAY,---,11,2518,1129,260,0,FULLCOMBO CLEAR,AA,2018-07-05 20:06
SPADA,旋律のドグマ～Miserables～,JUVENILE DRUM & BASS,楓璃夢＝ジークフリード＝ファイエルローゼン,1,6,0,0,0,---,NO PLAY,---,10,0,0,0,---,NO PLAY,---,12,3413,1490,433,6,EX HARD CLEAR,AA,2018-01-07 16:58
SPADA,海神,HYDRO CORE,兎々,0,7,0,0,0,---,NO PLAY,---,10,0,0,0,---,NO PLAY,---,12,0,0,0,---,EX HARD CLEAR,---,2017-12-29 17:46
SPADA,煉獄のエルフェリア,HARD SYMPHONIC,猫叉Master+,23,7,0,0,0,---,NO PLAY,---,10,0,0,0,---,NO PLAY,---,12,3472,1544,384,11,EX HARD CLEAR,AA,2018-08-24 22:34
SPADA,疾風迅雷,ORIENTAL CORE,KUMOKIRI,4,6,0,0,0,---,NO PLAY,---,10,0,0,0,---,NO PLAY,---,12,2608,1181,246,8,EX HARD CLEAR,AA,2018-02-23 22:14
SPADA,疾風迅雷†LEGGENDARIA,ORIENTAL CORE,KUMOKIRI,5,0,0,0,0,---,NO PLAY,---,0,0,0,0,---,NO PLAY,---,12,3069,1362,345,47,HARD CLEAR,AA,2018-07-26 22:00
SPADA,轟け！恋のビーンボール！！,ベースボールヒロイン,ダイナミック野球兄弟 v.s. クロスファイヤーPrim,1,6,0,0,0,---,NO PLAY,---,10,0,0,0,---,NO PLAY,---,12,3106,1358,390,19,EX HARD CLEAR,AA,2018-07-11 22:04
PENDUAL,#The_Relentless,DUBCORE,DJ Noriken,3,6,0,0,0,---,NO PLAY,---,9,0,0,0,---,NO PLAY,---,11,2704,1236,232,3,FULLCOMBO CLEAR,AAA,2018-02-20 22:55
PENDUAL,AFRO KNUCKLE,AFRO-SAMBA,猫叉Master+,6,5,0,0,0,---,NO PLAY,---,8,0,0,0,---,NO PLAY,---,11,2200,993,214,2,FULLCOMBO CLEAR,AAA,2018-08-07 19:21
PENDUAL,Blaze it UP!,HARDCORE RAVE,DJ Shimamura,1,5,0,0,0,---,NO PLAY,---,8,0,0,0,---,NO PLAY,---,11,2698,1225,248,5,EX HARD CLEAR,AAA,2018-01-05 20:59
PENDUAL,Broken Sword,DUAL ANTIQUE,金獅子 VS 麒麟,10,7,0,0,0,---,NO PLAY,---,10,0,0,0,---,NO PLAY,---,12,3433,1583,267,1,FULLCOMBO CLEAR,AAA,2018-01-17 22:56
PENDUAL,Chrono Diver -PENDULUMs-,CHRONO BREAKS,猫叉L.E.D.Master+,63,7,0,0,0,---,NO PLAY,---,11,0,0,0,---,NO PLAY,---,12,3933,1773,387,8,EX HARD CLEAR,AA,2018-08-23 20:49
PENDUAL,Chronos,PROGRESSIVE,TAG,1,5,0,0,0,---,NO PLAY,---,8,0,0,0,---,NO PLAY,---,11,2170,995,180,15,EX HARD CLEAR,AAA,2018-05-23 20:52
PENDUAL,cinder,MAELSTROM,PHQUASE,3,5,0,0,0,---,NO PLAY,---,9,0,0,0,---,NO PLAY,---,12,2884,1321,242,8,EX HARD CLEAR,AAA,2018-04-16 21:44
PENDUAL,Cosmic Cat,FUTURE BASS,8bit Moonside,0,6,0,0,0,---,NO PLAY,---,9,0,0,0,---,NO PLAY,---,11,0,0,0,---,FULLCOMBO CLEAR,---,2017-12-29 17:46
PENDUAL,Despair of ELFERIA,HARD IRISH SYMPHONIC,猫叉Master,7,7,0,0,0,---,NO PLAY,---,10,0,0,0,---,NO PLAY,---,12,3873,1816,241,17,EX HARD CLEAR,AAA,2018-07-25 20:06
PENDUAL,EBONY & IVORY,RAGTIME CHIPTUNE,OSTER project,0,6,0,0,0,---,NO PLAY,---,9,0,0,0,---,NO PLAY,---,12,0,0,0,---,EX HARD CLEAR,---,2017-12-29 17:46
PENDUAL,entelecheia,SACRED TRANCE,Rche,32,6,0,0,0,---,NO PLAY,---,10,0,0,0,---,NO PLAY,---,12,3080,1440,200,1,EX HARD CLEAR,AAA,2018-08-21 21:49
PENDUAL,fallen leaves -IIDX edition-,WORLD/ELECTRONICA,猫叉Master,0,6,0,0,0,---,NO PLAY,---,10,0,0,0,---,NO PLAY,---,12,0,0,0,---,EX HARD CLEAR,---,2017-12-29 17:46
PENDUAL,FANTASTIC THREE,DUB COMEDY,ジャカルタファンクブラザーズ,5,7,0,0,0,---,NO PLAY,---,10,0,0,0,---,NO PLAY,---,12,2881,1292,297,20,EX HARD CLEAR,AA,2018-06-04 17:28
PENDUAL,Flashes,DRUM'N'BASS,Dollscythe,13,6,0,0,0,---,NO PLAY,---,9,0,0,0,---,NO PLAY,---,12,3051,1378,295,3,EX HARD CLEAR,AAA,2018-08-23 20:46
PENDUAL,Gravigazer,PROGRESSIVE SCHRANZ,DJ TOTTO,1,5,0,0,0,---,NO PLAY,---,10,0,0,0,---,NO PLAY,---,12,2558,1136,286,---,HARD CLEAR,AA,2018-03-20 23:20
PENDUAL,IMPLANTATION,GOA TRANCE,TOMOSUKE,6,5,0,0,0,---,NO PLAY,---,10,0,0,0,---,NO PLAY,---,12,1959,853,253,10,EX HARD CLEAR,AA,2018-03-12 22:31
PENDUAL,Invitation from Mr.C,HOLIC,C-Show,1,6,0,0,0,---,NO PLAY,---,9,0,0,0,---,NO PLAY,---,12,2442,1077,288,12,EX HARD CLEAR,AA,2018-08-16 21:40
PENDUAL,Line 4 Ruin,ELECTRO TECH,Ryu☆,0,4,0,0,0,---,NO PLAY,---,9,0,0,0,---,NO PLAY,---,11,0,0,0,---,EX HARD CLEAR,---,2017-12-29 17:46
PENDUAL,Ludus In Tenebris,LIAISON,Akhuta,1,5,0,0,0,---,NO PLAY,---,10,0,0,0,---,NO PLAY,---,12,2871,1206,459,18,HARD CLEAR,AA,2018-01-07 16:31
PENDUAL,Monopole.,ARTCORE ROCK,cosMo＠暴走P,4,4,0,0,0,---,NO PLAY,---,8,0,0,0,---,NO PLAY,---,12,2935,1292,351,15,EX HARD CLEAR,AA,2018-04-06 23:21
PENDUAL,NEO GENERATOR SEVEN,MAINSTREAM HARDCORE,L.E.D.-G,0,5,0,0,0,---,NO PLAY,---,9,0,0,0,---,NO PLAY,---,12,0,0,0,---,EX HARD CLEAR,---,2017-12-29 17:46
PENDUAL,Night sky,PUMPCORE,USAO,6,6,0,0,0,---,NO PLAY,---,9,0,0,0,---,NO PLAY,---,11,2728,1252,224,0,FULLCOMBO CLEAR,AAA,2018-08-02 21:10
PENDUAL,Rave*it!! Rave*it!!,EDM SPEED,機龍,11,6,0,0,0,---,NO PLAY,---,9,0,0,0,---,NO PLAY,---,12,2862,1287,288,26,EX HARD CLEAR,AA,2018-07-26 20:43
PENDUAL,Reflux,TRANCESTEP,Eagle,39,5,0,0,0,---,NO PLAY,---,9,0,0,0,---,NO PLAY,---,12,2657,1173,311,16,EX HARD CLEAR,AA,2018-08-23 21:24
PENDUAL,Sakura Mirage,CHIPCORE,Ryu☆,0,6,0,0,0,---,NO PLAY,---,8,0,0,0,---,NO PLAY,---,11,0,0,0,---,EX HARD CLEAR,---,2017-12-29 17:46
PENDUAL,Say YEEEAHH,EDM,kors k,0,6,0,0,0,---,NO PLAY,---,9,0,0,0,---,NO PLAY,---,12,0,0,0,---,EX HARD CLEAR,---,2017-12-29 17:46
PENDUAL,Shooting Fireball,MUSIC GAME TRADITIONAL,dj TAKA,30,6,0,0,0,---,NO PLAY,---,10,0,0,0,---,NO PLAY,---,12,3680,1717,246,0,FULLCOMBO CLEAR,AAA,2018-06-26 21:00
PENDUAL,Sounds Of Summer,UK HARDCORE,Hommarju,0,6,0,0,0,---,NO PLAY,---,10,0,0,0,---,NO PLAY,---,12,0,0,0,---,EX HARD CLEAR,---,2017-12-29 17:46
PENDUAL,Symmetry,EPIC ELECTRONICA,猫叉Master,2,6,0,0,0,---,NO PLAY,---,10,0,0,0,---,NO PLAY,---,12,2981,1354,273,0,FULLCOMBO CLEAR,AAA,2018-02-27 21:02
PENDUAL,TIEFSEE,DEEP SPECTRUM,SOUND HOLIC Vs. dj TAKA feat. YURiCa,0,6,0,0,0,---,NO PLAY,---,9,0,0,0,---,NO PLAY,---,12,0,0,0,---,EX HARD CLEAR,---,2017-12-29 17:46
PENDUAL,TOXIC VIBRATION,MELODIC SPEED METAL,SOUND HOLIC Vs. T.Kakuta feat. YURiCa,0,7,0,0,0,---,NO PLAY,---,10,0,0,0,---,NO PLAY,---,12,0,0,0,---,EX HARD CLEAR,---,2017-12-29 17:46
PENDUAL,We're so Happy (P*Light Remix) IIDX ver.,HAPPY HARDCORE,Remixed by P*Light,0,6,0,0,0,---,NO PLAY,---,10,0,0,0,---,NO PLAY,---,12,0,0,0,---,EX HARD CLEAR,---,2017-12-29 17:46
PENDUAL,ZZ,INTELLIGENCE,D.J.Amuro,1,6,0,0,0,---,NO PLAY,---,10,0,0,0,---,NO PLAY,---,12,2831,1313,205,4,EX HARD CLEAR,AAA,2018-02-28 22:42
PENDUAL,とろぴかる倶楽部,TROPICAL,HALFBY,0,5,0,0,0,---,NO PLAY,---,8,0,0,0,---,NO PLAY,---,11,0,0,0,---,EX HARD CLEAR,---,2017-12-29 17:46
PENDUAL,パ→ピ→プ→Yeah!,電波ソング,ヒゲドライバー join. shully & Nimo,7,6,0,0,0,---,NO PLAY,---,9,0,0,0,---,NO PLAY,---,11,2414,1135,144,0,FULLCOMBO CLEAR,AAA,2018-06-13 20:57
PENDUAL,リリーゼと炎龍レーヴァテイン,OLDSTYLE GAMEMUSIC,黒猫ダンジョン,0,6,0,0,0,---,NO PLAY,---,10,0,0,0,---,NO PLAY,---,12,0,0,0,---,HARD CLEAR,---,2017-12-29 17:46
PENDUAL,全力 SPECIAL VACATION!! ～限りある休日～,HAPPY VACAY CORE,DJ GW,0,6,0,0,0,---,NO PLAY,---,8,0,0,0,---,NO PLAY,---,11,0,0,0,---,FULLCOMBO CLEAR,---,2017-12-29 17:46
PENDUAL,共鳴遊戯の華,ASTRAL DRUM & BASS,アイテール魔導士隊,0,7,0,0,0,---,NO PLAY,---,10,0,0,0,---,NO PLAY,---,12,0,0,0,---,EX HARD CLEAR,---,2017-12-29 17:46
PENDUAL,千年ノ理,WORLD/ELECTRONICA,猫叉Master,0,6,0,0,0,---,NO PLAY,---,9,0,0,0,---,NO PLAY,---,12,0,0,0,---,EX HARD CLEAR,---,2017-12-29 17:46
PENDUAL,夏色DIARY - L.E.D.-G STYLE MIX -,HAPPY SUMMER CORE,猫叉王子 feat.L.E.D.-G,0,6,0,0,0,---,NO PLAY,---,10,0,0,0,---,NO PLAY,---,12,0,0,0,---,EX HARD CLEAR,---,2017-12-29 17:46
PENDUAL,少年は空を辿る,ムラクモ,Power Of Nature,1,6,0,0,0,---,NO PLAY,---,10,0,0,0,---,NO PLAY,---,12,2508,1040,428,47,EX HARD CLEAR,A,2018-03-06 21:31
PENDUAL,打打打打打打打打打打,JAPANESE TRADITIONAL,ヒゲドライバー join. SELEN,3,5,0,0,0,---,NO PLAY,---,8,0,0,0,---,NO PLAY,---,11,2462,1139,184,1,FULLCOMBO CLEAR,AAA,2018-02-06 22:43
PENDUAL,紅牡丹,J-CORE,DJ NAGAI feat. a☆ru,0,6,0,0,0,---,NO PLAY,---,9,0,0,0,---,NO PLAY,---,12,0,0,0,---,EX HARD CLEAR,---,2017-12-29 17:46
PENDUAL,超青少年ノ為ノ超多幸ナ超古典的超舞曲,PIECED EUPHORIA,Project B-,21,6,0,0,0,---,NO PLAY,---,9,0,0,0,---,NO PLAY,---,11,2590,1241,108,0,FULLCOMBO CLEAR,AAA,2018-08-09 20:04
PENDUAL,超青少年ノ為ノ超多幸ナ超古典的超舞曲†,PIECED EUPHORIA,Project B-,14,0,0,0,0,---,NO PLAY,---,0,0,0,0,---,NO PLAY,---,12,3834,1790,254,23,HARD CLEAR,AAA,2018-08-24 23:04
copula,199024club -Re:BounceKiller-,TECH BREAKBEATS,DJ Mass MAD Izm*,44,5,0,0,0,---,NO PLAY,---,10,0,0,0,---,NO PLAY,---,12,1944,793,358,39,HARD CLEAR,A,2018-07-30 21:47
copula,Acid Pumper,HARD DANCE,ni-21,0,4,0,0,0,---,NO PLAY,---,9,0,0,0,---,NO PLAY,---,11,0,0,0,---,EX HARD CLEAR,---,2017-12-29 17:46
copula,AO-1,DANCE EXPRESS,電龍,3,7,0,0,0,---,NO PLAY,---,10,0,0,0,---,NO PLAY,---,12,2522,1148,226,14,EX HARD CLEAR,AA,2018-08-01 21:30
copula,CODE:1 [revision1.0.1],TECHNO,HEXA,35,5,0,0,0,---,NO PLAY,---,9,0,0,0,---,NO PLAY,---,12,2832,1270,292,1,FULLCOMBO CLEAR,AAA,2018-08-23 20:21
copula,Devil's Gear,MAINSTREAM HARDCORE,DJ Myosuke,0,6,0,0,0,---,NO PLAY,---,10,0,0,0,---,NO PLAY,---,12,0,0,0,---,EX HARD CLEAR,---,2017-12-29 17:46
copula,DIAMOND CROSSING,HARD ELECTRIC POP,S-C-U vs L.E.D.,1,7,0,0,0,---,NO PLAY,---,10,0,0,0,---,NO PLAY,---,12,2655,1158,339,28,EX HARD CLEAR,AA,2018-01-12 23:17
copula,Donkey Donk,DONK,Ryu☆,21,6,0,0,0,---,NO PLAY,---,9,0,0,0,---,NO PLAY,---,10,2121,990,141,2,EX HARD CLEAR,AAA,2018-07-31 19:06
copula,Dynamite,HYBRID TWERK,USAO,8,7,0,0,0,---,NO PLAY,---,10,0,0,0,---,NO PLAY,---,12,3378,1502,374,37,EX HARD CLEAR,AA,2018-06-25 20:44
copula,Glitch Nerds,GAMER'S ELECTRO/COMPLEXTRO,かめりあ,1,5,0,0,0,---,NO PLAY,---,8,0,0,0,---,NO PLAY,---,10,1893,811,271,13,EX HARD CLEAR,AA,2017-12-29 19:25
copula,Godspeed,JOINT WORK,dj TAKA xxx 猫叉Master xxx L.E.D.,4,7,0,0,0,---,NO PLAY,---,10,0,0,0,---,NO PLAY,---,12,2740,1220,300,22,EX HARD CLEAR,AA,2018-03-09 22:57
copula,Grand Chariot,HARD ART CORE,xi,0,7,0,0,0,---,NO PLAY,---,10,0,0,0,---,NO PLAY,---,12,0,0,0,---,EX HARD CLEAR,---,2017-12-29 17:46
copula,Highcharge Divolt,BEMANIZED DIGITAL ROCK,HuΣeR,18,6,0,0,0,---,NO PLAY,---,10,0,0,0,---,NO PLAY,---,12,2542,1174,194,10,EX HARD CLEAR,AAA,2018-08-07 18:38
copula,Konzert V,JUNGLE CLASSIC,Remo-con vs. dj TAKA,2,6,0,0,0,---,NO PLAY,---,10,0,0,0,---,NO PLAY,---,12,3012,1371,270,12,EX HARD CLEAR,AA,2018-03-29 23:17
copula,M4K3 1T B0UNC3,HDM,kors k,0,7,0,0,0,---,NO PLAY,---,10,0,0,0,---,NO PLAY,---,12,0,0,0,---,EX HARD CLEAR,---,2017-12-29 17:46
copula,Musik LoverZ,HARDSTYLE,RoughSketch,2,5,0,0,0,---,NO PLAY,---,7,0,0,0,---,NO PLAY,---,10,2308,1071,166,6,EX HARD CLEAR,AAA,2018-05-23 20:24
copula,NINJA IS DEAD IIDX ver.,SHINOBI SPEED,P*Light,0,6,0,0,0,---,NO PLAY,---,9,0,0,0,---,NO PLAY,---,12,0,0,0,---,EX HARD CLEAR,---,2017-12-29 17:46
copula,NO LIMIT -オレ達に限界は無い-,ONLY ONE DANCE MUSIC,SUPER STAR 満-MITSURU- vs. 伝説のダンサー マイク,1,4,0,0,0,---,NO PLAY,---,6,0,0,0,---,NO PLAY,---,10,1882,800,282,18,NO PLAY,AA,2017-12-29 18:22
copula,NZM,END ROLL,The 4th,18,6,0,0,0,---,NO PLAY,---,9,0,0,0,---,NO PLAY,---,12,3107,1401,305,27,EX HARD CLEAR,AA,2018-08-10 21:53
copula,Outbreak,FRENCHCORE,USAO,20,6,0,0,0,---,NO PLAY,---,9,0,0,0,---,NO PLAY,---,11,2820,1311,198,4,EX HARD CLEAR,AAA,2018-08-21 20:21
copula,POSSESSION,PSYCHIC FLASH,TAG underground,30,7,0,0,0,---,NO PLAY,---,10,0,0,0,---,NO PLAY,---,12,2727,1265,197,7,EX HARD CLEAR,AAA,2018-07-17 20:42
copula,Routing,JAZZY-ELECTRO,かめりあ,32,6,0,0,0,---,NO PLAY,---,9,0,0,0,---,NO PLAY,---,11,2314,1044,226,9,HARD CLEAR,AA,2018-08-23 20:55
copula,StrayedCatz,FANTASY,削除,0,6,0,0,0,---,NO PLAY,---,10,0,0,0,---,NO PLAY,---,12,0,0,0,---,EX HARD CLEAR,---,2017-12-29 17:46
copula,SURVIVOR,GRAVITY POP,SOUND HOLIC Vs. ZYTOKINE feat. Nana Takahashi,0,4,0,0,0,---,NO PLAY,---,7,0,0,0,---,NO PLAY,---,9,0,0,0,---,EX HARD CLEAR,---,2017-12-29 17:46
copula,Triple Counter,RISK + VACUUM,DJ YOSHITAKA meets dj TAKA,2,7,0,0,0,---,NO PLAY,---,10,0,0,0,---,NO PLAY,---,12,3582,1621,340,14,EX HARD CLEAR,AA,2018-04-02 22:10
copula,Uh-Oh,CANDY RAVE,kors k,6,5,0,0,0,---,NO PLAY,---,8,0,0,0,---,NO PLAY,---,11,2183,973,237,4,EX HARD CLEAR,AA,2018-08-20 20:09
copula,X,RENAISSANCE,D.J.Amuro,38,7,0,0,0,---,NO PLAY,---,10,0,0,0,---,NO PLAY,---,12,3597,1662,273,3,FULLCOMBO CLEAR,AAA,2018-08-07 19:14
copula,めいさいアイドル☆あいむちゃん♪,電波デステクノ,DJ SHARPNEL feat. みらい,0,7,0,0,0,---,NO PLAY,---,10,0,0,0,---,NO PLAY,---,12,0,0,0,---,HARD CLEAR,---,2017-12-29 17:46
copula,灼熱 Pt.2 Long Train Running,BROKEN SAMBA BREAK,DJ Mass MAD Izm*,37,7,0,0,0,---,NO PLAY,---,11,0,0,0,---,NO PLAY,---,12,2601,999,603,47,HARD CLEAR,A,2018-08-23 21:18
copula,真 地獄超特急 -HELL or HELL-,新世紀進歩的羽扇子音楽,DJ TECHNORCH Vs. L.E.D.Light-G,10,7,0,0,0,---,NO PLAY,---,10,0,0,0,---,NO PLAY,---,12,2809,1198,413,42,HARD CLEAR,AA,2018-08-13 20:39
copula,紫陽花 -AZISAI-,ORIENTAL TECHDANCE,Camellia Vs. Expander,1,7,0,0,0,---,NO PLAY,---,10,0,0,0,---,NO PLAY,---,12,2245,881,483,20,EX HARD CLEAR,A,2018-01-12 22:06
copula,量子の海のリントヴルム,エピックプログレ,黒猫ダンジョン,13,6,0,0,0,---,NO PLAY,---,9,0,0,0,---,NO PLAY,---,11,2840,1336,168,3,FULLCOMBO CLEAR,AAA,2018-07-27 22:20
copula,駅猫のワルツ,にゃんコア,ミニョンヌ鉄道兄弟,33,6,0,0,0,---,NO PLAY,---,10,0,0,0,---,NO PLAY,---,12,2436,1020,396,19,EX HARD CLEAR,AA,2018-08-23 21:40
SINOBUZ,!Viva!,TRIBAL HOUSE,Ryu*,0,5,0,0,0,---,NO PLAY,---,8,0,0,0,---,NO PLAY,---,10,0,0,0,---,FULLCOMBO CLEAR,---,2017-12-29 17:46
SINOBUZ,#MAGiCVLGiRL_TRVP_B3VTZ,NEON/TWERKCORE,DJ Noriken,14,6,0,0,0,---,NO PLAY,---,9,0,0,0,---,NO PLAY,---,12,3165,1454,257,12,EX HARD CLEAR,AAA,2018-08-21 21:34
SINOBUZ,(This Is Not) The Angels,BIG BEAT/BREAKBEATS,Hommarju,1,4,0,0,0,---,NO PLAY,---,8,0,0,0,---,NO PLAY,---,11,2485,1141,203,2,FULLCOMBO CLEAR,AAA,2018-02-19 22:55
SINOBUZ,Affection,HARD DANCE,ni-21,0,3,0,0,0,---,NO PLAY,---,6,0,0,0,---,NO PLAY,---,10,0,0,0,---,HARD CLEAR,---,2017-12-29 17:46
SINOBUZ,Amazing Mirage,HiTECH FULLON,lapix,0,5,0,0,0,---,NO PLAY,---,9,0,0,0,---,NO PLAY,---,11,0,0,0,---,FULLCOMBO CLEAR,---,2017-12-29 17:46
SINOBUZ,Around The Galaxy,UPLIFTING TRANCE,NISH,0,5,0,0,0,---,NO PLAY,---,9,0,0,0,---,NO PLAY,---,11,0,0,0,---,FULLCOMBO CLEAR,---,2017-12-29 17:46
SINOBUZ,BabeL ～Grand Story～,SPIRAL STAIRS,Ako Atak,0,6,0,0,0,---,NO PLAY,---,10,0,0,0,---,NO PLAY,---,11,0,0,0,---,EX HARD CLEAR,---,2017-12-29 17:46
SINOBUZ,Believe in you,HARDCORE RAVE,DJ Shimamura feat. Renna,0,5,0,0,0,---,NO PLAY,---,8,0,0,0,---,NO PLAY,---,10,0,0,0,---,EX HARD CLEAR,---,2017-12-29 17:46
SINOBUZ,Beyond The Seven,TRANCE,Nhato,0,4,0,0,0,---,NO PLAY,---,7,0,0,0,---,NO PLAY,---,11,0,0,0,---,EX HARD CLEAR,---,2017-12-29 17:46
SINOBUZ,Breakin' Chain,MOOMBAHCORE,REDALiCE feat. MONICO,1,4,0,0,0,---,NO PLAY,---,8,0,0,0,---,NO PLAY,---,10,2067,927,213,9,EX HARD CLEAR,AA,2018-03-29 22:53
SINOBUZ,BroGamer,SUPER ULTIMATE HYPER CORE,USAO,13,7,0,0,0,---,NO PLAY,---,9,0,0,0,---,NO PLAY,---,11,2920,1366,188,4,HARD CLEAR,AAA,2018-08-10 22:01
SINOBUZ,Caterpillar,HARD TRAP,Eagle,11,6,0,0,0,---,NO PLAY,---,10,0,0,0,---,NO PLAY,---,12,2664,1174,316,12,EX HARD CLEAR,AA,2018-08-02 21:01
SINOBUZ,DISAPPEAR feat. koyomin,EMOTIONAL HI-TECH,DJ Genki,1,4,0,0,0,---,NO PLAY,---,9,0,0,0,---,NO PLAY,---,11,2559,1116,327,13,EX HARD CLEAR,AA,2017-12-30 17:30
SINOBUZ,DORNWALD ～Junge～,ARCHAIC TALE EP1,DJ TOTTO,18,6,0,0,0,---,NO PLAY,---,10,0,0,0,---,NO PLAY,---,12,3336,1493,350,8,EX HARD CLEAR,AA,2018-08-23 20:58
SINOBUZ,ECHIDNA,HYBRID BUCHIAGE TRANCE,HuΣeR,11,6,0,0,0,---,NO PLAY,---,10,0,0,0,---,NO PLAY,---,12,2983,1320,343,20,EX HARD CLEAR,AA,2018-08-13 20:30
SINOBUZ,elemental bender feat. Kanae Asaba,EDM,MK,0,3,0,0,0,---,NO PLAY,---,6,0,0,0,---,NO PLAY,---,8,0,0,0,---,EX HARD CLEAR,---,2017-12-29 17:46
SINOBUZ,FUZIN RIZIN,HYPER DIGIMETAL,SOUND HOLIC feat. Nana Takahashi & 709sec.,1,5,0,0,0,---,NO PLAY,---,9,0,0,0,---,NO PLAY,---,12,3525,1631,263,8,EX HARD CLEAR,AAA,2018-02-28 22:20
SINOBUZ,Go Ahead!!,TRANCE CORE,Ryu☆ Vs. Sota,13,7,0,0,0,---,NO PLAY,---,10,0,0,0,---,NO PLAY,---,12,1854,819,216,---,HARD CLEAR,B,2018-08-23 21:43
SINOBUZ,GuNGNiR,REQUIEM PSY,Gram,31,7,0,0,0,---,NO PLAY,---,11,0,0,0,---,NO PLAY,---,12,3539,1544,451,19,EX HARD CLEAR,AA,2018-08-21 20:37
SINOBUZ,HADES,HARDSTYLE,Massive New Krew,3,5,0,0,0,---,NO PLAY,---,9,0,0,0,---,NO PLAY,---,12,2697,1159,379,17,EX HARD CLEAR,AA,2018-03-09 22:26
SINOBUZ,HAPPY★RUSH,HAPPY,P*Light,0,4,0,0,0,---,NO PLAY,---,9,0,0,0,---,NO PLAY,---,11,0,0,0,---,EX HARD CLEAR,---,2017-12-29 17:46
SINOBUZ,Honey Trap,HYPER TRAP,Expander,4,5,0,0,0,---,NO PLAY,---,8,0,0,0,---,NO PLAY,---,11,2345,1076,193,1,FULLCOMBO CLEAR,AAA,2018-04-11 21:41
SINOBUZ,Magical,KAWAII FUTURE BASS,Snail's House,0,4,0,0,0,---,NO PLAY,---,6,0,0,0,---,NO PLAY,---,10,0,0,0,---,EX HARD CLEAR,---,2017-12-29 17:46
SINOBUZ,Mare Nectaris,EXPERIMENTAL,神楽,49,7,0,0,0,---,NO PLAY,---,11,0,0,0,---,NO PLAY,---,12,3132,1287,558,46,HARD CLEAR,A,2018-08-10 21:25
SINOBUZ,Modular Technology,TECHNO,Sota Fujimori,6,6,0,0,0,---,NO PLAY,---,10,0,0,0,---,NO PLAY,---,11,2455,1114,227,5,EX HARD CLEAR,AAA,2018-08-23 20:30
SINOBUZ,Music is The Answer,TURBOFUNK,C-Show,11,4,0,0,0,---,NO PLAY,---,8,0,0,0,---,NO PLAY,---,10,1779,821,137,2,FULLCOMBO CLEAR,AAA,2018-08-10 20:57
SINOBUZ,OOO,BUBBLEGUM DANCE,Ryu☆ feat.moimoi,0,3,0,0,0,---,NO PLAY,---,7,0,0,0,---,NO PLAY,---,10,0,0,0,---,FULLCOMBO CLEAR,---,2017-12-29 17:46
SINOBUZ,OTENAMI Hurricane,POP BREAKCORE,t+pazolite,1,6,0,0,0,---,NO PLAY,---,10,0,0,0,---,NO PLAY,---,12,1592,696,200,---,HARD CLEAR,C,2018-05-03 14:40
SINOBUZ,PAPAYAPA BASS,MONDO-GROOVE BASSHOUSE,かめりあ feat. ななひら,0,5,0,0,0,---,NO PLAY,---,8,0,0,0,---,NO PLAY,---,11,0,0,0,---,FULLCOMBO CLEAR,---,2017-12-29 17:46
SINOBUZ,ROTTERDAM SHOGUN,RDM,ABDI from ジャカルタファンクブラザーズ,5,6,0,0,0,---,NO PLAY,---,9,0,0,0,---,NO PLAY,---,11,2437,1148,141,6,EX HARD CLEAR,AAA,2018-08-13 20:34
SINOBUZ,SAMURAI-Scramble,TECH BREAKBEATS,DJ Mass MAD Izm*,57,5,0,0,0,---,NO PLAY,---,9,0,0,0,---,NO PLAY,---,11,2091,897,297,9,HARD CLEAR,AA,2018-08-21 20:51
SINOBUZ,SAY BAY,SHINOBI RAVE,P*Light,0,5,0,0,0,---,NO PLAY,---,8,0,0,0,---,NO PLAY,---,12,0,0,0,---,HARD CLEAR,---,2017-12-29 17:46
SINOBUZ,Seize the Day,FUTURE BASS,DJ'TEKINA//SOMETHING feat.yuyoyuppe,0,5,0,0,0,---,NO PLAY,---,8,0,0,0,---,NO PLAY,---,10,0,0,0,---,EX HARD CLEAR,---,2017-12-29 17:46
SINOBUZ,SEQUENCE CAT,TECHNO,SLEDLAKE (SLAKE & L.E.D.),0,5,0,0,0,---,NO PLAY,---,10,0,0,0,---,NO PLAY,---,11,0,0,0,---,FULLCOMBO CLEAR,---,2017-12-29 17:46
SINOBUZ,Shoot'Em All,DETROIT TECHNO,Manabu Namiki,1,3,0,0,0,---,NO PLAY,---,7,0,0,0,---,NO PLAY,---,11,2181,962,257,1,FULLCOMBO CLEAR,AA,2017-12-30 17:50
SINOBUZ,shuriken,CHIPTUNE,ヒゲドライバー,0,4,0,0,0,---,NO PLAY,---,6,0,0,0,---,NO PLAY,---,10,0,0,0,---,EX HARD CLEAR,---,2017-12-29 17:46
SINOBUZ,Sky High,ANTHEM,Cuvelia,0,6,0,0,0,---,NO PLAY,---,10,0,0,0,---,NO PLAY,---,12,0,0,0,---,EX HARD CLEAR,---,2017-12-29 17:46
SINOBUZ,Steel Edge,DRUM&BASS,Maozon,3,5,0,0,0,---,NO PLAY,---,8,0,0,0,---,NO PLAY,---,12,2942,1362,218,12,EX HARD CLEAR,AAA,2018-04-20 21:25
SINOBUZ,Super Rush,HARDTEK,kors k,16,6,0,0,0,---,NO PLAY,---,9,0,0,0,---,FULLCOMBO CLEAR,---,12,3289,1533,223,9,EX HARD CLEAR,AAA,2018-08-21 21:45
SINOBUZ,Sweet Clapper,J-POP,livetune+,0,3,0,0,0,---,NO PLAY,---,7,0,0,0,---,NO PLAY,---,10,0,0,0,---,EX HARD CLEAR,---,2017-12-29 17:46
SINOBUZ,The Commanders,HARDSTYLE,USAO,20,5,0,0,0,---,FULLCOMBO CLEAR,---,8,0,0,0,---,NO PLAY,---,10,2344,1126,92,0,FULLCOMBO CLEAR,AAA,2018-08-23 20:43
SINOBUZ,TOGAKUSHI,HARD TRANCE,SETUP,1,5,0,0,0,---,NO PLAY,---,10,0,0,0,---,NO PLAY,---,12,2310,1030,250,34,EX HARD CLEAR,AA,2018-08-23 21:50
SINOBUZ,Umbral,UPLIFTING TRANCE,Maozon,0,3,0,0,0,---,NO PLAY,---,7,0,0,0,---,NO PLAY,---,10,0,0,0,---,FULLCOMBO CLEAR,---,2017-12-29 17:46
SINOBUZ,Yellow Sketch(RX-Ver.S.P.L.),ALTERNATIVE ELECTRO,高田雅史,0,4,0,0,0,---,NO PLAY,---,9,0,0,0,---,NO PLAY,---,11,0,0,0,---,EX HARD CLEAR,---,2017-12-29 17:46
SINOBUZ,〆,HiTECH,lapix,6,6,0,0,0,---,NO PLAY,---,9,0,0,0,---,NO PLAY,---,12,3434,1588,258,7,EX HARD CLEAR,AAA,2018-06-19 20:33
SINOBUZ,イザナミノナゲキ,WORLD/ELECTRONICA,猫叉Master,2,6,0,0,0,---,NO PLAY,---,9,0,0,0,---,NO PLAY,---,12,2987,1370,247,7,EX HARD CLEAR,AAA,2018-05-09 22:08
SINOBUZ,ディッシュウォッシャー◎彡おいわちゃん,ネオスカ電波,ARM×狐夢想 feat. 山本椛,1,3,0,0,0,---,NO PLAY,---,7,0,0,0,---,NO PLAY,---,11,2296,1066,164,9,EX HARD CLEAR,AAA,2018-08-23 20:41
SINOBUZ,九尾狐夜行,ORIENTAL FUSION,天狐,1,5,0,0,0,---,NO PLAY,---,9,0,0,0,---,NO PLAY,---,12,2515,1074,367,20,HARD CLEAR,AA,2018-04-25 21:42
SINOBUZ,忍恋花,忍歌,黒脛,0,5,0,0,0,---,NO PLAY,---,9,0,0,0,---,NO PLAY,---,11,0,0,0,---,FULLCOMBO CLEAR,---,2017-12-29 17:46
SINOBUZ,津軽雪,MICHINOKU,罠師 VS 安室,0,7,0,0,0,---,NO PLAY,---,10,0,0,0,---,NO PLAY,---,12,0,0,0,---,EX HARD CLEAR,---,2017-12-29 17:46
SINOBUZ,火影,HIP HOP,RoughSkreamZ feat.楽天斎,0,5,0,0,0,---,NO PLAY,---,9,0,0,0,---,NO PLAY,---,12,0,0,0,---,HARD CLEAR,---,2017-12-29 17:46
SINOBUZ,焔極OVERKILL,HARDCORE,RoughSketch Vs. L.E.D.-G,30,6,0,0,0,---,NO PLAY,---,10,0,0,0,---,NO PLAY,---,12,3258,1454,350,18,EX HARD CLEAR,AA,2018-08-02 22:10
SINOBUZ,禍根,ORBITALIC FUTURE BASS,U1 overground,0,5,0,0,0,---,NO PLAY,---,9,0,0,0,---,NO PLAY,---,11,0,0,0,---,EX HARD CLEAR,---,2017-12-29 17:46
SINOBUZ,鴉,CROSSBREED,L.E.D.-G,6,7,0,0,0,---,NO PLAY,---,10,0,0,0,---,NO PLAY,---,11,2580,1229,122,0,FULLCOMBO CLEAR,AAA,2018-08-20 20:46
CANNON BALLERS,1001 -ESCAPE-,JAZZ ROCK,SOUND HOLIC feat. Nana Takahashi,1,5,0,0,0,---,NO PLAY,---,8,0,0,0,---,NO PLAY,---,10,2390,1087,216,6,EX HARD CLEAR,AAA,2018-01-02 22:12
CANNON BALLERS,255,HYPER SPEED RAVE,255,1,6,0,0,0,---,NO PLAY,---,9,0,0,0,---,NO PLAY,---,12,2933,1334,265,18,EX HARD CLEAR,AA,2018-08-23 21:13
CANNON BALLERS,AA -rebuild-,RENAISSANCE,D.J.Amuro,6,7,0,0,0,---,NO PLAY,---,10,2275,1042,191,1,FULLCOMBO CLEAR,AAA,12,3327,1531,265,3,FULLCOMBO CLEAR,AAA,2018-01-25 22:45
CANNON BALLERS,Abraxas,DUBSTEP,SYUNN,28,5,0,0,0,---,NO PLAY,---,9,0,0,0,---,NO PLAY,---,11,2259,1039,181,2,FULLCOMBO CLEAR,AAA,2018-08-23 21:28
CANNON BALLERS,ACCELERATE,SYNTH-TECH,Sota Fujimori,1,6,0,0,0,---,NO PLAY,---,8,0,0,0,---,NO PLAY,---,10,2324,1073,178,1,FULLCOMBO CLEAR,AAA,2018-01-02 18:57
CANNON BALLERS,Acidiva 303,HARD DANCE,ni-21,1,4,0,0,0,---,NO PLAY,---,7,0,0,0,---,NO PLAY,---,10,2084,937,210,0,FULLCOMBO CLEAR,AAA,2018-01-02 21:51
CANNON BALLERS,Amor De Verao,熱帯 THE BASS,かめりあ feat. ななひら,10,4,0,0,0,---,NO PLAY,---,8,0,0,0,---,NO PLAY,---,11,2139,966,207,0,FULLCOMBO CLEAR,AAA,2018-04-17 21:10
CANNON BALLERS,ANAGMA,PSY TECH DANCE,C-Show,2,5,0,0,0,---,NO PLAY,---,8,0,0,0,---,NO PLAY,---,10,2479,1157,165,4,HARD CLEAR,AAA,2018-08-01 21:01
CANNON BALLERS,Arca,GENESIS,BEMANI Sound Team(Akhuta Symphonic Orchestra),1,5,0,0,0,---,NO PLAY,---,9,0,0,0,---,NO PLAY,---,12,2869,1302,265,10,EX HARD CLEAR,AAA,2018-05-01 21:00
CANNON BALLERS,Back Spin Sweeper,WAGON WHEEL TRANCE,DJ TOTTO,51,6,0,0,0,---,NO PLAY,---,9,0,0,0,---,NO PLAY,---,11,2115,974,167,3,EX HARD CLEAR,AAA,2018-08-24 21:58
CANNON BALLERS,Battleground,SCHRANZ,kors k,1,6,0,0,0,---,NO PLAY,---,9,0,0,0,---,NO PLAY,---,11,2420,1092,236,7,EX HARD CLEAR,AAA,2018-01-21 20:16
CANNON BALLERS,Beast mode,SPEED EURO,BEMANI Sound Team "TAG",12,6,0,0,0,---,NO PLAY,---,9,0,0,0,---,NO PLAY,---,11,2602,1219,164,1,EX HARD CLEAR,AAA,2018-08-23 20:53
CANNON BALLERS,Best of Me,CYBER LIQUID FUNK,Maozon,1,4,0,0,0,---,NO PLAY,---,8,0,0,0,---,NO PLAY,---,10,2018,913,192,8,EX HARD CLEAR,AAA,2018-01-02 19:22
CANNON BALLERS,Boomy and The Boost,NEO JUNGLE,Eagle,11,6,0,0,0,---,NO PLAY,---,10,0,0,0,---,NO PLAY,---,12,3198,1455,288,19,EX HARD CLEAR,AA,2018-07-02 20:39
CANNON BALLERS,Break Stasis,DRUMSTEP/HARDCORE,Hommarju & Akira Complex,5,6,0,0,0,---,NO PLAY,---,9,0,0,0,---,NO PLAY,---,10,2402,1133,136,0,FULLCOMBO CLEAR,AAA,2018-07-31 19:41
CANNON BALLERS,ChaserXX,CYBERNETICS PIANO HOUSE,HuΣeR,15,6,0,0,0,---,NO PLAY,---,9,0,0,0,---,NO PLAY,---,11,2594,1175,244,0,FULLCOMBO CLEAR,AAA,2018-04-02 22:14
CANNON BALLERS,Chemical Cookie,FUTURE BASS,YUC'e,33,5,0,0,0,---,NO PLAY,---,8,0,0,0,---,NO PLAY,---,10,2037,957,123,1,FULLCOMBO CLEAR,AAA,2018-08-16 20:22
CANNON BALLERS,City Never Sleeps (IIDX Edition),DRUM&BASS,Dirty Androids,3,7,0,0,0,---,NO PLAY,---,9,0,0,0,---,NO PLAY,---,11,2527,1195,137,2,EX HARD CLEAR,AAA,2018-07-17 20:45
CANNON BALLERS,DEADHEAT,HARDCORE,DJ Myosuke,1,6,0,0,0,---,NO PLAY,---,10,0,0,0,---,NO PLAY,---,12,2959,1314,331,15,EX HARD CLEAR,AA,2018-02-23 22:35
CANNON BALLERS,DEATH†ZIGOQ ～怒りの高速爆走野郎～,世紀末コア,L.E.D.ALiCE(DJ NAGAI Vs. BEMANI Sound Team "L.E.D.-G"),15,7,0,0,0,---,NO PLAY,---,10,0,0,0,---,NO PLAY,---,12,3526,1551,424,15,EX HARD CLEAR,AA,2018-03-29 23:36
CANNON BALLERS,EMERALDAS,IRREGULAR DJENT STEP,BEMANI Sound Team "HuΣeR vs dj Hellix",1,7,0,0,0,---,NO PLAY,---,11,0,0,0,---,NO PLAY,---,12,1380,596,188,---,FAILED,D,2018-06-13 21:04
CANNON BALLERS,encounter,DRUM'N'BASS,猫叉Master+,1,5,0,0,0,---,NO PLAY,---,9,0,0,0,---,NO PLAY,---,12,2931,1300,331,6,EX HARD CLEAR,AA,2018-03-12 21:31
CANNON BALLERS,Exhaust Hype,HARD BASS HOUSE,DJ Noriken,1,5,0,0,0,---,NO PLAY,---,9,0,0,0,---,NO PLAY,---,11,2594,1181,232,4,EX HARD CLEAR,AAA,2018-03-07 21:12
CANNON BALLERS,Expanded !!,MIDDLE EASTERN TWERK,BEMANI Sound Team "Expander",1,4,0,0,0,---,NO PLAY,---,8,0,0,0,---,NO PLAY,---,10,2524,1210,104,4,HARD CLEAR,AAA,2018-07-30 21:09
CANNON BALLERS,Fervidex,ARTCORE,Feryquitous,14,5,0,0,0,---,NO PLAY,---,9,0,0,0,---,NO PLAY,---,11,2617,1268,81,2,FULLCOMBO CLEAR,AAA,2018-08-24 21:55
CANNON BALLERS,FIRE BALL,SPEED STAR,BEMANI Sound Team "RACER-X",2,5,0,0,0,---,NO PLAY,---,9,0,0,0,---,NO PLAY,---,11,2357,1100,157,0,FULLCOMBO CLEAR,AAA,2018-07-30 21:21
CANNON BALLERS,FREEDOM,HYPER DUBSTEP,USAO,38,5,0,0,0,---,NO PLAY,---,8,0,0,0,---,NO PLAY,---,11,2761,1292,177,1,FULLCOMBO CLEAR,AAA,2018-08-13 20:10
CANNON BALLERS,HAT TRICK,HANDZ STYLE,P*Light,12,5,0,0,0,---,NO PLAY,---,8,0,0,0,---,NO PLAY,---,10,2052,953,146,1,FULLCOMBO CLEAR,AAA,2018-01-12 21:54
CANNON BALLERS,HYPE THE CORE,GABBA,DJ CHUCKY,5,6,0,0,0,---,NO PLAY,---,10,0,0,0,---,NO PLAY,---,11,2790,1294,202,7,HARD CLEAR,AAA,2018-08-07 19:45
CANNON BALLERS,Illusionary Waterlily,EMOTIONAL RAVE EUPHORIA,DJ Noriken,1,6,0,0,0,---,NO PLAY,---,10,0,0,0,---,NO PLAY,---,12,3209,1445,319,8,EX HARD CLEAR,AAA,2018-06-13 21:03
CANNON BALLERS,Initiation,00's TECHNO,BEMANI Sound Team "謎の勢力",11,7,0,0,0,---,NO PLAY,---,10,0,0,0,---,NO PLAY,---,12,3579,1628,323,19,EX HARD CLEAR,AA,2018-08-24 22:00
CANNON BALLERS,Life Is A Game ft.DD"ナカタ"Metal,UPTEMPO HARDCORE,RoughSketch,1,6,0,0,0,---,NO PLAY,---,10,0,0,0,---,NO PLAY,---,12,3153,1431,291,8,EX HARD CLEAR,AA,2018-08-17 21:55
CANNON BALLERS,LUV DRIVE,POPCORE,RoughSketch feat.Aikapin,1,5,0,0,0,---,NO PLAY,---,7,0,0,0,---,NO PLAY,---,10,1867,832,203,11,EX HARD CLEAR,AA,2018-01-02 22:00
CANNON BALLERS,n'pa pa BBQ,FUTURE TERROR,YUC'e,37,4,0,0,0,---,NO PLAY,---,8,0,0,0,---,NO PLAY,---,11,2623,1233,157,1,FULLCOMBO CLEAR,AAA,2018-08-03 21:14
CANNON BALLERS,NITROUS CANNON,MACHINEGUN PSYSTYLE,かめりあ,2,7,0,0,0,---,NO PLAY,---,10,0,0,0,---,NO PLAY,---,12,3206,1412,382,16,EX HARD CLEAR,AA,2018-05-01 20:57
CANNON BALLERS,Nothing but Theory,ULTRA JAZZFUNKTION,lapix,4,5,0,0,0,---,NO PLAY,---,8,0,0,0,---,NO PLAY,---,11,2698,1269,160,1,FULLCOMBO CLEAR,AAA,2018-05-09 20:52
CANNON BALLERS,O/D*20,TECHNO,Ryu*,30,6,0,0,0,---,NO PLAY,---,8,0,0,0,---,NO PLAY,---,10,2029,963,103,0,FULLCOMBO CLEAR,AAA,2018-08-09 19:41
CANNON BALLERS,Only for now,PSYCHDELIC TRANCE,RINA SOUND PRODUCE : KAZUYA TAKASE,1,4,0,0,0,---,NO PLAY,---,8,0,0,0,---,NO PLAY,---,10,2040,930,180,7,EX HARD CLEAR,AAA,2018-01-02 21:37
CANNON BALLERS,Papilio ulysses,DRUMSTEP,BEMANI Sound Team "SYUNN",1,7,0,0,0,---,NO PLAY,---,10,0,0,0,---,NO PLAY,---,12,2529,1119,291,46,ASSIST CLEAR,AA,2018-04-17 22:02
CANNON BALLERS,Persephone,HARDSTYLE,Massive New Krew,18,6,0,0,0,---,NO PLAY,---,9,0,0,0,---,NO PLAY,---,12,2791,1280,231,3,EX HARD CLEAR,AAA,2018-08-10 20:24
CANNON BALLERS,Rampage,HARDCORE,USAO,20,6,0,0,0,---,NO PLAY,---,10,0,0,0,---,NO PLAY,---,12,3370,1570,230,6,EX HARD CLEAR,AAA,2018-08-14 20:27
CANNON BALLERS,Rise Circuit,DRUM'N'BASS,COSIO,21,5,0,0,0,---,NO PLAY,---,9,0,0,0,---,NO PLAY,---,11,2174,1008,158,0,FULLCOMBO CLEAR,AAA,2018-08-17 21:04
CANNON BALLERS,SPEED,ROCK FUSION,BEMANI Sound Team(Mutsuhiko Izumi),3,5,0,0,0,---,NO PLAY,---,8,0,0,0,---,NO PLAY,---,10,2316,1012,292,6,EX HARD CLEAR,AA,2018-01-14 15:55
CANNON BALLERS,SPEED DEMON,HARDTEK,GUHROOVY feat. NO+CHIN,36,5,0,0,0,---,NO PLAY,---,8,0,0,0,---,NO PLAY,---,10,2147,966,215,3,EX HARD CLEAR,AAA,2018-08-23 21:31
CANNON BALLERS,STARLIGHT JUNCTION,HEAV'NLY TRANCE,SOUND HOLIC feat. Nana Takahashi,1,4,0,0,0,---,NO PLAY,---,8,0,0,0,---,NO PLAY,---,10,2151,1005,141,1,FULLCOMBO CLEAR,AAA,2018-07-31 20:17
CANNON BALLERS,Static State,ELECTRO TRANCE,Nhato,1,6,0,0,0,---,NO PLAY,---,9,0,0,0,---,NO PLAY,---,10,2052,880,292,2,FULLCOMBO CLEAR,AA,2018-01-02 21:40
CANNON BALLERS,The Chase,TECH BREAKS,DJ Mass MAD Izm*,81,5,0,0,0,---,NO PLAY,---,10,0,0,0,---,NO PLAY,---,12,1786,719,348,35,HARD CLEAR,AA,2018-08-24 23:15
CANNON BALLERS,UMMU,OSHARave,t+pazolite,51,6,0,0,0,---,NO PLAY,---,10,0,0,0,---,NO PLAY,---,11,2845,1284,277,8,EX HARD CLEAR,AAA,2018-08-20 20:07
CANNON BALLERS,VOX RUSH,ROTTERDAM RAVE,青龍 × sampling masters MEGA & sampling masters AYA,1,7,0,0,0,---,NO PLAY,---,10,0,0,0,---,NO PLAY,---,12,2970,1285,400,6,EX HARD CLEAR,AA,2018-06-05 21:01
CANNON BALLERS,Xperanza,HYBRID HARDCORE,aran,33,7,0,0,0,---,NO PLAY,---,10,0,0,0,---,NO PLAY,---,12,2923,1343,237,14,EX HARD CLEAR,AAA,2018-08-24 22:31
CANNON BALLERS,エディブルフラワーの独白,HARD FRENCH,OSTER project feat. 常盤ゆう,1,4,0,0,0,---,NO PLAY,---,8,0,0,0,---,NO PLAY,---,10,2043,957,129,0,FULLCOMBO CLEAR,AAA,2018-01-02 22:26
CANNON BALLERS,シムルグの目醒め,NATURE,BEMANI Sound Team "DJ TOTTO" feat.rionos,56,7,0,0,0,---,NO PLAY,---,10,0,0,0,---,NO PLAY,---,12,3213,1452,309,11,EX HARD CLEAR,AA,2018-08-24 23:17
CANNON BALLERS,ハイ*ビスカス ft. Kanae Asaba,YANKEE CAR J TRANCE,Xceon,1,4,0,0,0,---,NO PLAY,---,7,0,0,0,---,NO PLAY,---,10,2203,995,213,3,EX HARD CLEAR,AAA,2018-01-02 22:35
CANNON BALLERS,バ→ビ→ブ→Bomb!,電波ソング,ヒゲドライバー join. 新菜まこ & 松平なな,13,5,0,0,0,---,NO PLAY,---,9,0,0,0,---,NO PLAY,---,11,2359,1084,191,1,FULLCOMBO CLEAR,AAA,2018-08-24 22:26
CANNON BALLERS,パラドキシカル・タイムリープトライアル(Short Ver.),AKIBA-POP,MOSAIC.WAV,1,5,0,0,0,---,NO PLAY,---,9,0,0,0,---,NO PLAY,---,11,2512,1136,240,4,EX HARD CLEAR,AA,2018-03-07 21:00
CANNON BALLERS,ラストセンチュリーメランコリック,FUTURE J-POP,DJ Taku aka ☆Taku Takahashi (m-flo),10,5,0,0,0,---,NO PLAY,---,8,0,0,0,---,NO PLAY,---,10,2029,927,175,2,EX HARD CLEAR,AAA,2018-08-09 20:42
CANNON BALLERS,共犯へヴンズコード,ELEGANT SWING,D-Evoke（与那嶺雅人/小日向翔）,1,3,0,0,0,---,NO PLAY,---,7,0,0,0,---,NO PLAY,---,10,2037,911,215,8,EX HARD CLEAR,AA,2018-01-12 22:34
CANNON BALLERS,命の標本,STRANGE WORLD MUSIC,志方あきこ,1,4,0,0,0,---,NO PLAY,---,8,0,0,0,---,NO PLAY,---,11,2414,1080,254,3,EX HARD CLEAR,AA,2018-03-07 21:09
CANNON BALLERS,東京神話,ORBITALIC GABBER STEP,DJ TECHNORCH feat.宇宙★海月 vs BEMANI Sound Team "U1-ASAMi",28,6,0,0,0,---,NO PLAY,---,9,0,0,0,---,NO PLAY,---,12,2549,1122,305,12,EX HARD CLEAR,AA,2018-08-13 20:27
CANNON BALLERS,神謳 -RESONANCE-,Hi-MYTH,SOUND HOLIC feat. Nana Takahashi Vs.GOD PHOENIX Prim,1,7,0,0,0,---,NO PLAY,---,10,0,0,0,---,NO PLAY,---,12,3735,1726,283,12,EX HARD CLEAR,AAA,2018-03-12 21:33
CANNON BALLERS,純真可憐デザイア,EMOTIONAL ROCK,BEMANI Sound Team(HuΣeR) feat.Fernweh,1,4,0,0,0,---,NO PLAY,---,8,0,0,0,---,NO PLAY,---,10,2139,981,177,1,EX HARD CLEAR,AAA,2018-01-02 22:02
CANNON BALLERS,草原の王女-軌跡を辿って-,JOURNEY SCENE,劇団レコード,1,3,0,0,0,---,NO PLAY,---,7,0,0,0,---,NO PLAY,---,10,2097,951,195,2,EX HARD CLEAR,AAA,2018-01-02 22:15
